20;10;23;15;52;00;0083951750;SE1-PM3;000;154;000;165;000;023;001;000;000;056;214;000;000;027;247;000;000;175;244;000;000;000;000;000;
20;10;23;15;51;50;0083951750;SE1-PM3;000;154;000;163;000;025;001;000;000;056;214;000;000;027;247;000;000;175;244;000;000;000;000;000;
20;10;23;15;51;40;0083951750;SE1-PM3;000;157;000;165;000;028;001;000;000;056;214;000;000;027;247;000;000;175;244;000;000;000;000;000;
20;10;23;15;51;30;0083951750;SE1-PM3;000;154;000;165;000;034;001;000;000;056;214;000;000;027;247;000;000;175;244;000;000;000;000;000;
20;10;23;15;51;20;0083951750;SE1-PM3;000;157;000;165;000;064;001;000;000;056;214;000;000;027;247;000;000;175;244;000;000;000;000;000;
20;10;23;15;51;10;0083951750;SE1-PM3;000;156;000;167;000;072;001;000;000;056;214;000;000;027;247;000;000;175;244;000;000;000;000;000;
20;10;23;15;51;00;0083951750;SE1-PM3;000;157;000;165;000;080;001;000;000;054;214;000;000;024;247;000;000;170;244;000;000;000;000;000;
20;10;23;15;50;50;0083951750;SE1-PM3;000;157;000;165;000;069;001;000;000;054;214;000;000;024;247;000;000;170;244;000;000;000;000;000;
20;10;23;15;50;40;0083951750;SE1-PM3;000;154;000;163;000;050;001;000;000;054;214;000;000;024;247;000;000;170;244;000;000;000;000;000;
20;10;23;15;50;30;0083951750;SE1-PM3;000;163;000;165;000;042;001;000;000;054;214;000;000;024;247;000;000;170;244;000;000;000;000;000;
20;10;23;15;50;20;0083951750;SE1-PM3;000;165;000;165;000;050;001;000;000;054;214;000;000;024;247;000;000;170;244;000;000;000;000;000;
20;10;23;15;50;10;0083951750;SE1-PM3;000;161;000;167;000;030;001;000;000;054;214;000;000;024;247;000;000;170;244;000;000;000;000;000;
20;10;23;15;50;00;0083951750;SE1-PM3;000;163;000;165;000;025;001;000;000;051;214;000;000;021;247;000;000;165;244;000;000;000;000;000;
20;10;23;15;49;50;0083951750;SE1-PM3;000;163;000;165;000;025;001;000;000;051;214;000;000;021;247;000;000;165;244;000;000;000;000;000;
20;10;23;15;49;40;0083951750;SE1-PM3;000;163;000;165;000;028;001;000;000;051;214;000;000;021;247;000;000;165;244;000;000;000;000;000;
20;10;23;15;49;30;0083951750;SE1-PM3;000;163;000;207;000;025;001;000;000;051;214;000;000;021;247;000;000;165;244;000;000;000;000;000;
20;10;23;15;49;20;0083951750;SE1-PM3;000;163;000;207;000;025;001;000;000;051;214;000;000;021;247;000;000;165;244;000;000;000;000;000;
20;10;23;15;49;10;0083951750;SE1-PM3;000;003;001;208;000;030;001;000;000;051;214;000;000;021;247;000;000;165;244;000;000;000;000;000;
20;10;23;15;49;00;0083951750;SE1-PM3;000;163;000;207;000;028;001;000;000;047;214;000;000;018;247;000;000;160;244;000;000;000;000;000;
20;10;23;15;48;50;0083951750;SE1-PM3;000;168;000;207;000;025;001;000;000;047;214;000;000;018;247;000;000;160;244;000;000;000;000;000;
20;10;23;15;48;40;0083951750;SE1-PM3;000;165;000;207;000;028;001;000;000;047;214;000;000;018;247;000;000;160;244;000;000;000;000;000;
20;10;23;15;48;30;0083951750;SE1-PM3;000;014;001;210;000;028;001;000;000;047;214;000;000;018;247;000;000;160;244;000;000;000;000;000;
20;10;23;15;48;20;0083951750;SE1-PM3;000;204;000;210;000;031;001;000;000;047;214;000;000;018;247;000;000;160;244;000;000;000;000;000;
20;10;23;15;48;10;0083951750;SE1-PM3;000;164;000;208;000;030;001;000;000;047;214;000;000;018;247;000;000;160;244;000;000;000;000;000;
20;10;23;15;48;00;0083951750;SE1-PM3;000;168;000;210;000;025;001;000;000;044;214;000;000;014;247;000;000;156;244;000;000;000;000;000;
20;10;23;15;47;50;0083951750;SE1-PM3;000;163;000;207;000;028;001;000;000;044;214;000;000;014;247;000;000;156;244;000;000;000;000;000;
20;10;23;15;47;40;0083951750;SE1-PM3;000;025;001;210;000;025;001;000;000;044;214;000;000;014;247;000;000;156;244;000;000;000;000;000;
20;10;23;15;47;30;0083951750;SE1-PM3;000;086;001;207;000;028;001;000;000;044;214;000;000;014;247;000;000;156;244;000;000;000;000;000;
20;10;23;15;47;20;0083951750;SE1-PM3;000;163;000;207;000;031;001;000;000;044;214;000;000;014;247;000;000;156;244;000;000;000;000;000;
20;10;23;15;47;10;0083951750;SE1-PM3;000;164;000;208;000;030;001;000;000;044;214;000;000;014;247;000;000;156;244;000;000;000;000;000;
20;10;23;15;47;00;0083951750;SE1-PM3;000;017;001;207;000;028;001;000;000;041;214;000;000;011;247;000;000;151;244;000;000;000;000;000;
20;10;23;15;46;50;0083951750;SE1-PM3;000;165;000;210;000;028;001;000;000;041;214;000;000;011;247;000;000;151;244;000;000;000;000;000;
20;10;23;15;46;40;0083951750;SE1-PM3;000;163;000;207;000;031;001;000;000;041;214;000;000;011;247;000;000;151;244;000;000;000;000;000;
20;10;23;15;46;30;0083951750;SE1-PM3;000;179;000;210;000;028;001;000;000;041;214;000;000;011;247;000;000;151;244;000;000;000;000;000;
20;10;23;15;46;20;0083951750;SE1-PM3;000;185;000;207;000;028;001;000;000;041;214;000;000;011;247;000;000;151;244;000;000;000;000;000;
20;10;23;15;46;10;0083951750;SE1-PM3;000;183;000;211;000;033;001;000;000;041;214;000;000;011;247;000;000;151;244;000;000;000;000;000;
20;10;23;15;46;00;0083951750;SE1-PM3;000;182;000;210;000;031;001;000;000;038;214;000;000;007;247;000;000;146;244;000;000;000;000;000;
20;10;23;15;45;50;0083951750;SE1-PM3;000;182;000;210;000;031;001;000;000;038;214;000;000;007;247;000;000;146;244;000;000;000;000;000;
20;10;23;15;45;40;0083951750;SE1-PM3;000;182;000;207;000;031;001;000;000;038;214;000;000;007;247;000;000;146;244;000;000;000;000;000;
20;10;23;15;45;30;0083951750;SE1-PM3;000;185;000;210;000;000;001;000;000;038;214;000;000;007;247;000;000;146;244;000;000;000;000;000;
20;10;23;15;45;20;0083951750;SE1-PM3;000;182;000;207;000;254;000;000;000;038;214;000;000;007;247;000;000;146;244;000;000;000;000;000;
20;10;23;15;45;10;0083951750;SE1-PM3;000;181;000;211;000;005;001;000;000;038;214;000;000;007;247;000;000;146;244;000;000;000;000;000;
20;10;23;15;45;00;0083951750;SE1-PM3;000;182;000;210;000;000;001;000;000;034;214;000;000;004;247;000;000;142;244;000;000;000;000;000;
20;10;23;15;44;50;0083951750;SE1-PM3;000;187;000;212;000;003;001;000;000;034;214;000;000;004;247;000;000;142;244;000;000;000;000;000;
20;10;23;15;44;40;0083951750;SE1-PM3;000;185;000;210;000;000;001;000;000;034;214;000;000;004;247;000;000;142;244;000;000;000;000;000;
20;10;23;15;44;30;0083951750;SE1-PM3;000;185;000;210;000;006;001;000;000;034;214;000;000;004;247;000;000;142;244;000;000;000;000;000;
20;10;23;15;44;20;0083951750;SE1-PM3;000;182;000;212;000;003;001;000;000;034;214;000;000;004;247;000;000;142;244;000;000;000;000;000;
20;10;23;15;44;10;0083951750;SE1-PM3;000;183;000;211;000;003;001;000;000;034;214;000;000;004;247;000;000;142;244;000;000;000;000;000;
20;10;23;15;44;00;0083951750;SE1-PM3;000;185;000;210;000;006;001;000;000;031;214;000;000;000;247;000;000;138;244;000;000;000;000;000;
20;10;23;15;43;50;0083951750;SE1-PM3;000;182;000;212;000;003;001;000;000;031;214;000;000;000;247;000;000;138;244;000;000;000;000;000;
20;10;23;15;43;40;0083951750;SE1-PM3;000;185;000;210;000;000;001;000;000;031;214;000;000;000;247;000;000;138;244;000;000;000;000;000;
20;10;23;15;43;30;0083951750;SE1-PM3;000;185;000;201;000;000;001;000;000;031;214;000;000;000;247;000;000;138;244;000;000;000;000;000;
20;10;23;15;43;20;0083951750;SE1-PM3;000;187;000;198;000;000;001;000;000;031;214;000;000;000;247;000;000;138;244;000;000;000;000;000;
20;10;23;15;43;10;0083951750;SE1-PM3;000;189;000;203;000;003;001;000;000;031;214;000;000;000;247;000;000;138;244;000;000;000;000;000;
20;10;23;15;43;00;0083951750;SE1-PM3;000;185;000;198;000;000;001;000;000;028;214;000;000;253;246;000;000;134;244;000;000;000;000;000;
20;10;23;15;42;50;0083951750;SE1-PM3;000;187;000;198;000;000;001;000;000;028;214;000;000;253;246;000;000;134;244;000;000;000;000;000;
20;10;23;15;42;40;0083951750;SE1-PM3;000;187;000;204;000;000;001;000;000;028;214;000;000;253;246;000;000;134;244;000;000;000;000;000;
20;10;23;15;42;30;0083951750;SE1-PM3;000;187;000;201;000;000;001;000;000;028;214;000;000;253;246;000;000;134;244;000;000;000;000;000;
20;10;23;15;42;20;0083951750;SE1-PM3;000;187;000;201;000;003;001;000;000;028;214;000;000;253;246;000;000;134;244;000;000;000;000;000;
20;10;23;15;42;10;0083951750;SE1-PM3;000;186;000;203;000;005;001;000;000;028;214;000;000;253;246;000;000;134;244;000;000;000;000;000;
20;10;23;15;42;00;0083951750;SE1-PM3;000;187;000;210;000;000;001;000;000;025;214;000;000;250;246;000;000;129;244;000;000;000;000;000;
20;10;23;15;41;50;0083951750;SE1-PM3;000;187;000;212;000;003;001;000;000;025;214;000;000;250;246;000;000;129;244;000;000;000;000;000;
20;10;23;15;41;40;0083951750;SE1-PM3;000;006;001;212;000;000;001;000;000;025;214;000;000;250;246;000;000;129;244;000;000;000;000;000;
20;10;23;15;41;30;0083951750;SE1-PM3;000;160;000;210;000;003;001;000;000;025;214;000;000;250;246;000;000;129;244;000;000;000;000;000;
20;10;23;15;41;20;0083951750;SE1-PM3;000;157;000;207;000;000;001;000;000;025;214;000;000;250;246;000;000;129;244;000;000;000;000;000;
20;10;23;15;41;10;0083951750;SE1-PM3;000;158;000;214;000;003;001;000;000;025;214;000;000;250;246;000;000;129;244;000;000;000;000;000;
20;10;23;15;41;00;0083951750;SE1-PM3;000;160;000;196;000;000;001;000;000;023;214;000;000;246;246;000;000;125;244;000;000;000;000;000;
20;10;23;15;40;50;0083951750;SE1-PM3;000;160;000;196;000;003;001;000;000;023;214;000;000;246;246;000;000;125;244;000;000;000;000;000;
20;10;23;15;40;40;0083951750;SE1-PM3;000;160;000;196;000;000;001;000;000;023;214;000;000;246;246;000;000;125;244;000;000;000;000;000;
20;10;23;15;40;30;0083951750;SE1-PM3;000;163;000;196;000;000;001;000;000;023;214;000;000;246;246;000;000;125;244;000;000;000;000;000;
20;10;23;15;40;20;0083951750;SE1-PM3;000;160;000;196;000;000;001;000;000;023;214;000;000;246;246;000;000;125;244;000;000;000;000;000;
20;10;23;15;40;10;0083951750;SE1-PM3;000;161;000;178;000;005;001;000;000;023;214;000;000;246;246;000;000;125;244;000;000;000;000;000;
20;10;23;15;40;00;0083951750;SE1-PM3;000;160;000;179;000;000;001;000;000;020;214;000;000;243;246;000;000;121;244;000;000;000;000;000;
20;10;23;15;39;50;0083951750;SE1-PM3;000;163;000;176;000;000;001;000;000;020;214;000;000;243;246;000;000;121;244;000;000;000;000;000;
20;10;23;15;39;40;0083951750;SE1-PM3;000;160;000;176;000;000;001;000;000;020;214;000;000;243;246;000;000;121;244;000;000;000;000;000;
20;10;23;15;39;30;0083951750;SE1-PM3;000;160;000;179;000;000;001;000;000;020;214;000;000;243;246;000;000;121;244;000;000;000;000;000;
20;10;23;15;39;20;0083951750;SE1-PM3;000;160;000;176;000;000;001;000;000;020;214;000;000;243;246;000;000;121;244;000;000;000;000;000;
20;10;23;15;39;10;0083951750;SE1-PM3;000;161;000;183;000;003;001;000;000;020;214;000;000;243;246;000;000;121;244;000;000;000;000;000;
20;10;23;15;39;00;0083951750;SE1-PM3;000;160;000;179;000;000;001;000;000;017;214;000;000;239;246;000;000;116;244;000;000;000;000;000;
20;10;23;15;38;50;0083951750;SE1-PM3;000;163;000;179;000;003;001;000;000;017;214;000;000;239;246;000;000;116;244;000;000;000;000;000;
20;10;23;15;38;40;0083951750;SE1-PM3;000;160;000;011;001;000;001;000;000;017;214;000;000;239;246;000;000;116;244;000;000;000;000;000;
20;10;23;15;38;30;0083951750;SE1-PM3;000;160;000;011;001;000;001;000;000;017;214;000;000;239;246;000;000;116;244;000;000;000;000;000;
20;10;23;15;38;20;0083951750;SE1-PM3;000;157;000;014;001;000;001;000;000;017;214;000;000;239;246;000;000;116;244;000;000;000;000;000;
20;10;23;15;38;10;0083951750;SE1-PM3;000;156;000;019;001;003;001;000;000;017;214;000;000;239;246;000;000;116;244;000;000;000;000;000;
20;10;23;15;38;00;0083951750;SE1-PM3;000;160;000;014;001;000;001;000;000;015;214;000;000;235;246;000;000;112;244;000;000;000;000;000;
20;10;23;15;37;50;0083951750;SE1-PM3;000;160;000;014;001;000;001;000;000;015;214;000;000;235;246;000;000;112;244;000;000;000;000;000;
20;10;23;15;37;40;0083951750;SE1-PM3;000;160;000;014;001;000;001;000;000;015;214;000;000;235;246;000;000;112;244;000;000;000;000;000;
20;10;23;15;37;30;0083951750;SE1-PM3;000;160;000;023;001;014;001;000;000;015;214;000;000;235;246;000;000;112;244;000;000;000;000;000;
20;10;23;15;37;20;0083951750;SE1-PM3;000;160;000;017;001;017;001;000;000;015;214;000;000;235;246;000;000;112;244;000;000;000;000;000;
20;10;23;15;37;10;0083951750;SE1-PM3;000;158;000;019;001;016;001;000;000;015;214;000;000;235;246;000;000;112;244;000;000;000;000;000;
20;10;23;15;37;00;0083951750;SE1-PM3;000;160;000;017;001;014;001;000;000;012;214;000;000;230;246;000;000;108;244;000;000;000;000;000;
20;10;23;15;36;50;0083951750;SE1-PM3;000;160;000;031;001;014;001;000;000;012;214;000;000;230;246;000;000;108;244;000;000;000;000;000;
20;10;23;15;36;40;0083951750;SE1-PM3;000;160;000;028;001;011;001;000;000;012;214;000;000;230;246;000;000;108;244;000;000;000;000;000;
20;10;23;15;36;30;0083951750;SE1-PM3;000;160;000;034;001;014;001;000;000;012;214;000;000;230;246;000;000;108;244;000;000;000;000;000;
20;10;23;15;36;20;0083951750;SE1-PM3;000;160;000;011;001;017;001;000;000;012;214;000;000;230;246;000;000;108;244;000;000;000;000;000;
20;10;23;15;36;10;0083951750;SE1-PM3;000;161;000;014;001;016;001;000;000;012;214;000;000;230;246;000;000;108;244;000;000;000;000;000;
20;10;23;15;36;00;0083951750;SE1-PM3;000;160;000;009;001;014;001;000;000;009;214;000;000;226;246;000;000;103;244;000;000;000;000;000;
20;10;23;15;35;50;0083951750;SE1-PM3;000;160;000;011;001;014;001;000;000;009;214;000;000;226;246;000;000;103;244;000;000;000;000;000;
20;10;23;15;35;40;0083951750;SE1-PM3;000;160;000;014;001;014;001;000;000;009;214;000;000;226;246;000;000;103;244;000;000;000;000;000;
20;10;23;15;35;30;0083951750;SE1-PM3;000;157;000;009;001;014;001;000;000;009;214;000;000;226;246;000;000;103;244;000;000;000;000;000;
20;10;23;15;35;20;0083951750;SE1-PM3;000;160;000;011;001;017;001;000;000;009;214;000;000;226;246;000;000;103;244;000;000;000;000;000;
20;10;23;15;35;10;0083951750;SE1-PM3;000;161;000;019;001;014;001;000;000;009;214;000;000;226;246;000;000;103;244;000;000;000;000;000;
20;10;23;15;35;00;0083951750;SE1-PM3;000;168;000;011;001;017;001;000;000;007;214;000;000;221;246;000;000;098;244;000;000;000;000;000;
20;10;23;15;34;50;0083951750;SE1-PM3;000;168;000;009;001;014;001;000;000;007;214;000;000;221;246;000;000;098;244;000;000;000;000;000;
20;10;23;15;34;40;0083951750;SE1-PM3;000;165;000;011;001;014;001;000;000;007;214;000;000;221;246;000;000;098;244;000;000;000;000;000;
20;10;23;15;34;30;0083951750;SE1-PM3;000;163;000;011;001;020;001;000;000;007;214;000;000;221;246;000;000;098;244;000;000;000;000;000;
20;10;23;15;34;20;0083951750;SE1-PM3;000;168;000;009;001;017;001;000;000;007;214;000;000;221;246;000;000;098;244;000;000;000;000;000;
20;10;23;15;34;10;0083951750;SE1-PM3;000;167;000;011;001;022;001;000;000;007;214;000;000;221;246;000;000;098;244;000;000;000;000;000;
20;10;23;15;34;00;0083951750;SE1-PM3;000;168;000;014;001;014;001;000;000;004;214;000;000;217;246;000;000;094;244;000;000;000;000;000;
20;10;23;15;33;50;0083951750;SE1-PM3;000;168;000;011;001;017;001;000;000;004;214;000;000;217;246;000;000;094;244;000;000;000;000;000;
20;10;23;15;33;40;0083951750;SE1-PM3;000;168;000;011;001;014;001;000;000;004;214;000;000;217;246;000;000;094;244;000;000;000;000;000;
20;10;23;15;33;30;0083951750;SE1-PM3;000;165;000;011;001;014;001;000;000;004;214;000;000;217;246;000;000;094;244;000;000;000;000;000;
20;10;23;15;33;20;0083951750;SE1-PM3;000;165;000;011;001;036;001;000;000;004;214;000;000;217;246;000;000;094;244;000;000;000;000;000;
20;10;23;15;33;10;0083951750;SE1-PM3;000;161;000;014;001;044;001;000;000;004;214;000;000;217;246;000;000;094;244;000;000;000;000;000;
20;10;23;15;33;00;0083951750;SE1-PM3;000;160;000;011;001;036;001;000;000;001;214;000;000;212;246;000;000;089;244;000;000;000;000;000;
20;10;23;15;32;50;0083951750;SE1-PM3;000;160;000;011;001;036;001;000;000;001;214;000;000;212;246;000;000;089;244;000;000;000;000;000;
20;10;23;15;32;40;0083951750;SE1-PM3;000;160;000;011;001;036;001;000;000;001;214;000;000;212;246;000;000;089;244;000;000;000;000;000;
20;10;23;15;32;30;0083951750;SE1-PM3;000;160;000;009;001;036;001;000;000;001;214;000;000;212;246;000;000;089;244;000;000;000;000;000;
20;10;23;15;32;20;0083951750;SE1-PM3;000;163;000;009;001;039;001;000;000;001;214;000;000;212;246;000;000;089;244;000;000;000;000;000;
20;10;23;15;32;10;0083951750;SE1-PM3;000;161;000;014;001;039;001;000;000;001;214;000;000;212;246;000;000;089;244;000;000;000;000;000;
20;10;23;15;32;00;0083951750;SE1-PM3;000;160;000;011;001;036;001;000;000;254;213;000;000;207;246;000;000;084;244;000;000;000;000;000;
20;10;23;15;31;40;0083951750;SE1-PM3;000;163;000;009;001;036;001;000;000;254;213;000;000;207;246;000;000;084;244;000;000;000;000;000;
20;10;23;15;31;30;0083951750;SE1-PM3;000;160;000;009;001;036;001;000;000;254;213;000;000;207;246;000;000;084;244;000;000;000;000;000;
20;10;23;15;31;20;0083951750;SE1-PM3;000;160;000;141;001;036;001;000;000;254;213;000;000;207;246;000;000;084;244;000;000;000;000;000;
20;10;23;15;31;10;0083951750;SE1-PM3;000;161;000;147;001;041;001;000;000;254;213;000;000;207;246;000;000;084;244;000;000;000;000;000;
20;10;23;15;31;00;0083951750;SE1-PM3;000;163;000;141;001;036;001;000;000;252;213;000;000;200;246;000;000;079;244;000;000;000;000;000;
20;10;23;15;30;50;0083951750;SE1-PM3;000;174;000;141;001;039;001;000;000;252;213;000;000;200;246;000;000;079;244;000;000;000;000;000;
20;10;23;15;30;40;0083951750;SE1-PM3;000;176;000;229;001;036;001;000;000;252;213;000;000;200;246;000;000;079;244;000;000;000;000;000;
20;10;23;15;30;30;0083951750;SE1-PM3;000;176;000;227;001;036;001;000;000;252;213;000;000;200;246;000;000;079;244;000;000;000;000;000;
20;10;23;15;30;20;0083951750;SE1-PM3;000;176;000;227;001;036;001;000;000;252;213;000;000;200;246;000;000;079;244;000;000;000;000;000;
20;10;23;15;30;10;0083951750;SE1-PM3;000;183;000;228;001;041;001;000;000;252;213;000;000;200;246;000;000;079;244;000;000;000;000;000;
20;10;23;15;30;00;0083951750;SE1-PM3;000;187;000;229;001;036;001;000;000;248;213;000;000;192;246;000;000;074;244;000;000;000;000;000;
20;10;23;15;29;50;0083951750;SE1-PM3;000;190;000;232;001;036;001;000;000;248;213;000;000;192;246;000;000;074;244;000;000;000;000;000;
20;10;23;15;29;40;0083951750;SE1-PM3;000;190;000;227;001;039;001;000;000;248;213;000;000;192;246;000;000;074;244;000;000;000;000;000;
20;10;23;15;29;30;0083951750;SE1-PM3;000;190;000;235;001;042;001;000;000;248;213;000;000;192;246;000;000;074;244;000;000;000;000;000;
20;10;23;15;29;20;0083951750;SE1-PM3;000;187;000;235;001;039;001;000;000;248;213;000;000;192;246;000;000;074;244;000;000;000;000;000;
20;10;23;15;29;10;0083951750;SE1-PM3;000;189;000;242;001;041;001;000;000;248;213;000;000;192;246;000;000;074;244;000;000;000;000;000;
20;10;23;15;29;00;0083951750;SE1-PM3;000;187;000;241;001;039;001;000;000;245;213;000;000;184;246;000;000;069;244;000;000;000;000;000;
20;10;23;15;28;50;0083951750;SE1-PM3;000;187;000;241;001;036;001;000;000;245;213;000;000;184;246;000;000;069;244;000;000;000;000;000;
20;10;23;15;28;40;0083951750;SE1-PM3;000;190;000;238;001;036;001;000;000;245;213;000;000;184;246;000;000;069;244;000;000;000;000;000;
20;10;23;15;28;30;0083951750;SE1-PM3;000;190;000;235;001;036;001;000;000;245;213;000;000;184;246;000;000;069;244;000;000;000;000;000;
20;10;23;15;28;20;0083951750;SE1-PM3;000;185;000;130;001;034;001;000;000;245;213;000;000;184;246;000;000;069;244;000;000;000;000;000;
20;10;23;15;28;10;0083951750;SE1-PM3;000;186;000;133;001;039;001;000;000;245;213;000;000;184;246;000;000;069;244;000;000;000;000;000;
20;10;23;15;28;00;0083951750;SE1-PM3;000;187;000;130;001;034;001;000;000;242;213;000;000;178;246;000;000;065;244;000;000;000;000;000;
20;10;23;15;27;50;0083951750;SE1-PM3;000;185;000;125;001;036;001;000;000;242;213;000;000;178;246;000;000;065;244;000;000;000;000;000;
20;10;23;15;27;40;0083951750;SE1-PM3;000;187;000;127;001;036;001;000;000;242;213;000;000;178;246;000;000;065;244;000;000;000;000;000;
20;10;23;15;27;30;0083951750;SE1-PM3;000;185;000;127;001;034;001;000;000;242;213;000;000;178;246;000;000;065;244;000;000;000;000;000;
20;10;23;15;27;20;0083951750;SE1-PM3;000;176;000;050;001;034;001;000;000;242;213;000;000;178;246;000;000;065;244;000;000;000;000;000;
20;10;23;15;27;10;0083951750;SE1-PM3;000;172;000;053;001;036;001;000;000;242;213;000;000;178;246;000;000;065;244;000;000;000;000;000;
20;10;23;15;27;00;0083951750;SE1-PM3;000;174;000;036;001;036;001;000;000;239;213;000;000;173;246;000;000;060;244;000;000;000;000;000;
20;10;23;15;26;50;0083951750;SE1-PM3;000;176;000;036;001;036;001;000;000;239;213;000;000;173;246;000;000;060;244;000;000;000;000;000;
20;10;23;15;26;40;0083951750;SE1-PM3;000;176;000;036;001;034;001;000;000;239;213;000;000;173;246;000;000;060;244;000;000;000;000;000;
20;10;23;15;26;30;0083951750;SE1-PM3;000;176;000;036;001;039;001;000;000;239;213;000;000;173;246;000;000;060;244;000;000;000;000;000;
20;10;23;15;26;20;0083951750;SE1-PM3;000;176;000;036;001;034;001;000;000;239;213;000;000;173;246;000;000;060;244;000;000;000;000;000;
20;10;23;15;26;10;0083951750;SE1-PM3;000;172;000;039;001;039;001;000;000;239;213;000;000;173;246;000;000;060;244;000;000;000;000;000;
20;10;23;15;26;00;0083951750;SE1-PM3;000;176;000;034;001;034;001;000;000;236;213;000;000;168;246;000;000;055;244;000;000;000;000;000;
20;10;23;15;25;50;0083951750;SE1-PM3;000;176;000;034;001;034;001;000;000;236;213;000;000;168;246;000;000;055;244;000;000;000;000;000;
20;10;23;15;25;40;0083951750;SE1-PM3;000;176;000;034;001;036;001;000;000;236;213;000;000;168;246;000;000;055;244;000;000;000;000;000;
20;10;23;15;25;30;0083951750;SE1-PM3;000;179;000;036;001;039;001;000;000;236;213;000;000;168;246;000;000;055;244;000;000;000;000;000;
20;10;23;15;25;20;0083951750;SE1-PM3;000;176;000;034;001;036;001;000;000;236;213;000;000;168;246;000;000;055;244;000;000;000;000;000;
20;10;23;15;25;10;0083951750;SE1-PM3;000;178;000;039;001;036;001;000;000;236;213;000;000;168;246;000;000;055;244;000;000;000;000;000;
20;10;23;15;25;00;0083951750;SE1-PM3;000;174;000;034;001;034;001;000;000;233;213;000;000;163;246;000;000;050;244;000;000;000;000;000;
20;10;23;15;24;50;0083951750;SE1-PM3;000;179;000;031;001;034;001;000;000;233;213;000;000;163;246;000;000;050;244;000;000;000;000;000;
20;10;23;15;24;40;0083951750;SE1-PM3;000;176;000;025;001;034;001;000;000;233;213;000;000;163;246;000;000;050;244;000;000;000;000;000;
20;10;23;15;24;30;0083951750;SE1-PM3;000;174;000;025;001;036;001;000;000;233;213;000;000;163;246;000;000;050;244;000;000;000;000;000;
20;10;23;15;24;20;0083951750;SE1-PM3;000;174;000;023;001;036;001;000;000;233;213;000;000;163;246;000;000;050;244;000;000;000;000;000;
20;10;23;15;24;10;0083951750;SE1-PM3;000;175;000;019;001;039;001;000;000;233;213;000;000;163;246;000;000;050;244;000;000;000;000;000;
20;10;23;15;24;00;0083951750;SE1-PM3;000;176;000;020;001;034;001;000;000;230;213;000;000;160;246;000;000;045;244;000;000;000;000;000;
20;10;23;15;23;50;0083951750;SE1-PM3;000;176;000;160;000;036;001;000;000;230;213;000;000;160;246;000;000;045;244;000;000;000;000;000;
20;10;23;15;23;40;0083951750;SE1-PM3;000;174;000;160;000;036;001;000;000;230;213;000;000;160;246;000;000;045;244;000;000;000;000;000;
20;10;23;15;23;30;0083951750;SE1-PM3;000;176;000;160;000;036;001;000;000;230;213;000;000;160;246;000;000;045;244;000;000;000;000;000;
20;10;23;15;23;20;0083951750;SE1-PM3;000;176;000;163;000;036;001;000;000;230;213;000;000;160;246;000;000;045;244;000;000;000;000;000;
20;10;23;15;23;10;0083951750;SE1-PM3;000;178;000;161;000;039;001;000;000;230;213;000;000;160;246;000;000;045;244;000;000;000;000;000;
20;10;23;15;23;00;0083951750;SE1-PM3;000;176;000;039;001;036;001;000;000;228;213;000;000;155;246;000;000;040;244;000;000;000;000;000;
20;10;23;15;22;50;0083951750;SE1-PM3;000;176;000;042;001;036;001;000;000;228;213;000;000;155;246;000;000;040;244;000;000;000;000;000;
20;10;23;15;22;40;0083951750;SE1-PM3;000;179;000;061;001;039;001;000;000;228;213;000;000;155;246;000;000;040;244;000;000;000;000;000;
20;10;23;15;22;30;0083951750;SE1-PM3;000;176;000;053;001;036;001;000;000;228;213;000;000;155;246;000;000;040;244;000;000;000;000;000;
20;10;23;15;22;20;0083951750;SE1-PM3;000;176;000;050;001;039;001;000;000;228;213;000;000;155;246;000;000;040;244;000;000;000;000;000;
20;10;23;15;22;10;0083951750;SE1-PM3;000;175;000;058;001;041;001;000;000;228;213;000;000;155;246;000;000;040;244;000;000;000;000;000;
20;10;23;15;22;00;0083951750;SE1-PM3;000;176;000;056;001;036;001;000;000;225;213;000;000;150;246;000;000;035;244;000;000;000;000;000;
20;10;23;15;21;50;0083951750;SE1-PM3;000;176;000;056;001;036;001;000;000;225;213;000;000;150;246;000;000;035;244;000;000;000;000;000;
20;10;23;15;21;40;0083951750;SE1-PM3;000;179;000;056;001;036;001;000;000;225;213;000;000;150;246;000;000;035;244;000;000;000;000;000;
20;10;23;15;21;30;0083951750;SE1-PM3;000;176;000;061;001;036;001;000;000;225;213;000;000;150;246;000;000;035;244;000;000;000;000;000;
20;10;23;15;21;20;0083951750;SE1-PM3;000;179;000;064;001;020;001;000;000;225;213;000;000;150;246;000;000;035;244;000;000;000;000;000;
20;10;23;15;21;10;0083951750;SE1-PM3;000;178;000;067;001;019;001;000;000;225;213;000;000;150;246;000;000;035;244;000;000;000;000;000;
20;10;23;15;21;00;0083951750;SE1-PM3;000;182;000;064;001;020;001;000;000;222;213;000;000;145;246;000;000;031;244;000;000;000;000;000;
20;10;23;15;20;50;0083951750;SE1-PM3;000;179;000;061;001;020;001;000;000;222;213;000;000;145;246;000;000;031;244;000;000;000;000;000;
20;10;23;15;20;40;0083951750;SE1-PM3;000;182;000;061;001;017;001;000;000;222;213;000;000;145;246;000;000;031;244;000;000;000;000;000;
20;10;23;15;20;30;0083951750;SE1-PM3;000;182;000;061;001;023;001;000;000;222;213;000;000;145;246;000;000;031;244;000;000;000;000;000;
20;10;23;15;20;20;0083951750;SE1-PM3;000;185;000;064;001;020;001;000;000;222;213;000;000;145;246;000;000;031;244;000;000;000;000;000;
20;10;23;15;20;10;0083951750;SE1-PM3;000;181;000;064;001;022;001;000;000;222;213;000;000;145;246;000;000;031;244;000;000;000;000;000;
20;10;23;15;20;00;0083951750;SE1-PM3;000;182;000;061;001;023;001;000;000;219;213;000;000;139;246;000;000;026;244;000;000;000;000;000;
20;10;23;15;19;50;0083951750;SE1-PM3;000;157;000;061;001;020;001;000;000;219;213;000;000;139;246;000;000;026;244;000;000;000;000;000;
20;10;23;15;19;40;0083951750;SE1-PM3;000;157;000;064;001;020;001;000;000;219;213;000;000;139;246;000;000;026;244;000;000;000;000;000;
20;10;23;15;19;30;0083951750;SE1-PM3;000;157;000;061;001;020;001;000;000;219;213;000;000;139;246;000;000;026;244;000;000;000;000;000;
20;10;23;15;19;20;0083951750;SE1-PM3;000;157;000;061;001;020;001;000;000;219;213;000;000;139;246;000;000;026;244;000;000;000;000;000;
20;10;23;15;19;00;0083951750;SE1-PM3;000;157;000;064;001;020;001;000;000;216;213;000;000;134;246;000;000;022;244;000;000;000;000;000;
20;10;23;15;18;50;0083951750;SE1-PM3;000;160;000;067;001;020;001;000;000;216;213;000;000;134;246;000;000;022;244;000;000;000;000;000;
20;10;23;15;18;40;0083951750;SE1-PM3;000;157;000;067;001;020;001;000;000;216;213;000;000;134;246;000;000;022;244;000;000;000;000;000;
20;10;23;15;18;30;0083951750;SE1-PM3;000;157;000;064;001;023;001;000;000;216;213;000;000;134;246;000;000;022;244;000;000;000;000;000;
20;10;23;15;18;20;0083951750;SE1-PM3;000;160;000;067;001;020;001;000;000;216;213;000;000;134;246;000;000;022;244;000;000;000;000;000;
20;10;23;15;18;10;0083951750;SE1-PM3;000;161;000;067;001;028;001;000;000;216;213;000;000;134;246;000;000;022;244;000;000;000;000;000;
20;10;23;15;18;00;0083951750;SE1-PM3;000;160;000;067;001;020;001;000;000;213;213;000;000;129;246;000;000;017;244;000;000;000;000;000;
20;10;23;15;17;50;0083951750;SE1-PM3;000;163;000;064;001;020;001;000;000;213;213;000;000;129;246;000;000;017;244;000;000;000;000;000;
20;10;23;15;17;40;0083951750;SE1-PM3;000;163;000;061;001;020;001;000;000;213;213;000;000;129;246;000;000;017;244;000;000;000;000;000;
20;10;23;15;17;30;0083951750;SE1-PM3;000;163;000;061;001;017;001;000;000;213;213;000;000;129;246;000;000;017;244;000;000;000;000;000;
20;10;23;15;17;20;0083951750;SE1-PM3;000;165;000;094;001;020;001;000;000;213;213;000;000;129;246;000;000;017;244;000;000;000;000;000;
20;10;23;15;17;10;0083951750;SE1-PM3;000;161;000;097;001;022;001;000;000;213;213;000;000;129;246;000;000;017;244;000;000;000;000;000;
20;10;23;15;17;00;0083951750;SE1-PM3;000;163;000;094;001;023;001;000;000;211;213;000;000;123;246;000;000;012;244;000;000;000;000;000;
20;10;23;15;16;50;0083951750;SE1-PM3;000;160;000;097;001;020;001;000;000;211;213;000;000;123;246;000;000;012;244;000;000;000;000;000;
20;10;23;15;16;40;0083951750;SE1-PM3;000;163;000;111;001;020;001;000;000;211;213;000;000;123;246;000;000;012;244;000;000;000;000;000;
20;10;23;15;16;30;0083951750;SE1-PM3;000;163;000;114;001;020;001;000;000;211;213;000;000;123;246;000;000;012;244;000;000;000;000;000;
20;10;23;15;16;20;0083951750;SE1-PM3;000;163;000;114;001;020;001;000;000;211;213;000;000;123;246;000;000;012;244;000;000;000;000;000;
20;10;23;15;16;10;0083951750;SE1-PM3;000;039;001;114;001;025;001;000;000;211;213;000;000;123;246;000;000;012;244;000;000;000;000;000;
20;10;23;15;16;00;0083951750;SE1-PM3;000;149;000;108;001;020;001;000;000;208;213;000;000;116;246;000;000;008;244;000;000;000;000;000;
20;10;23;15;15;50;0083951750;SE1-PM3;000;149;000;092;001;020;001;000;000;208;213;000;000;116;246;000;000;008;244;000;000;000;000;000;
20;10;23;15;15;40;0083951750;SE1-PM3;000;149;000;092;001;023;001;000;000;208;213;000;000;116;246;000;000;008;244;000;000;000;000;000;
20;10;23;15;15;30;0083951750;SE1-PM3;000;149;000;092;001;020;001;000;000;208;213;000;000;116;246;000;000;008;244;000;000;000;000;000;
20;10;23;15;15;20;0083951750;SE1-PM3;000;149;000;094;001;020;001;000;000;208;213;000;000;116;246;000;000;008;244;000;000;000;000;000;
20;10;23;15;15;10;0083951750;SE1-PM3;000;147;000;072;002;022;001;000;000;208;213;000;000;116;246;000;000;008;244;000;000;000;000;000;
20;10;23;15;15;00;0083951750;SE1-PM3;000;149;000;067;002;020;001;000;000;206;213;000;000;109;246;000;000;003;244;000;000;000;000;000;
20;10;23;15;14;50;0083951750;SE1-PM3;000;149;000;097;001;020;001;000;000;206;213;000;000;109;246;000;000;003;244;000;000;000;000;000;
20;10;23;15;14;40;0083951750;SE1-PM3;000;146;000;092;001;020;001;000;000;206;213;000;000;109;246;000;000;003;244;000;000;000;000;000;
20;10;23;15;14;30;0083951750;SE1-PM3;000;149;000;092;001;020;001;000;000;206;213;000;000;109;246;000;000;003;244;000;000;000;000;000;
20;10;23;15;14;20;0083951750;SE1-PM3;000;149;000;092;001;020;001;000;000;206;213;000;000;109;246;000;000;003;244;000;000;000;000;000;
20;10;23;15;14;10;0083951750;SE1-PM3;000;147;000;094;001;022;001;000;000;206;213;000;000;109;246;000;000;003;244;000;000;000;000;000;
20;10;23;15;14;00;0083951750;SE1-PM3;000;149;000;092;001;020;001;000;000;203;213;000;000;103;246;000;000;255;243;000;000;000;000;000;
20;10;23;15;13;50;0083951750;SE1-PM3;000;149;000;094;001;023;001;000;000;203;213;000;000;103;246;000;000;255;243;000;000;000;000;000;
20;10;23;15;13;40;0083951750;SE1-PM3;000;146;000;092;001;020;001;000;000;203;213;000;000;103;246;000;000;255;243;000;000;000;000;000;
20;10;23;15;13;30;0083951750;SE1-PM3;000;152;000;119;001;020;001;000;000;203;213;000;000;103;246;000;000;255;243;000;000;000;000;000;
20;10;23;15;13;20;0083951750;SE1-PM3;000;146;000;119;001;023;001;000;000;203;213;000;000;103;246;000;000;255;243;000;000;000;000;000;
20;10;23;15;13;10;0083951750;SE1-PM3;000;147;000;119;001;022;001;000;000;203;213;000;000;103;246;000;000;255;243;000;000;000;000;000;
20;10;23;15;13;00;0083951750;SE1-PM3;000;146;000;119;001;020;001;000;000;201;213;000;000;097;246;000;000;250;243;000;000;000;000;000;
20;10;23;15;12;50;0083951750;SE1-PM3;000;149;000;119;001;023;001;000;000;201;213;000;000;097;246;000;000;250;243;000;000;000;000;000;
20;10;23;15;12;40;0083951750;SE1-PM3;000;152;000;119;001;017;001;000;000;201;213;000;000;097;246;000;000;250;243;000;000;000;000;000;
20;10;23;15;12;30;0083951750;SE1-PM3;000;149;000;119;001;020;001;000;000;201;213;000;000;097;246;000;000;250;243;000;000;000;000;000;
20;10;23;15;12;20;0083951750;SE1-PM3;000;149;000;122;001;023;001;000;000;201;213;000;000;097;246;000;000;250;243;000;000;000;000;000;
20;10;23;15;12;10;0083951750;SE1-PM3;000;150;000;122;001;025;001;000;000;201;213;000;000;097;246;000;000;250;243;000;000;000;000;000;
20;10;23;15;12;00;0083951750;SE1-PM3;000;149;000;119;001;020;001;000;000;198;213;000;000;090;246;000;000;245;243;000;000;000;000;000;
20;10;23;15;11;50;0083951750;SE1-PM3;000;149;000;122;001;020;001;000;000;198;213;000;000;090;246;000;000;245;243;000;000;000;000;000;
20;10;23;15;11;40;0083951750;SE1-PM3;000;149;000;119;001;020;001;000;000;198;213;000;000;090;246;000;000;245;243;000;000;000;000;000;
20;10;23;15;11;30;0083951750;SE1-PM3;000;149;000;122;001;020;001;000;000;198;213;000;000;090;246;000;000;245;243;000;000;000;000;000;
20;10;23;15;11;20;0083951750;SE1-PM3;000;149;000;122;001;023;001;000;000;198;213;000;000;090;246;000;000;245;243;000;000;000;000;000;
20;10;23;15;11;10;0083951750;SE1-PM3;000;147;000;125;001;022;001;000;000;198;213;000;000;090;246;000;000;245;243;000;000;000;000;000;
20;10;23;15;11;00;0083951750;SE1-PM3;000;149;000;122;001;020;001;000;000;196;213;000;000;082;246;000;000;241;243;000;000;000;000;000;
20;10;23;15;10;50;0083951750;SE1-PM3;000;152;000;125;001;020;001;000;000;196;213;000;000;082;246;000;000;241;243;000;000;000;000;000;
20;10;23;15;10;40;0083951750;SE1-PM3;000;149;000;031;002;020;001;000;000;196;213;000;000;082;246;000;000;241;243;000;000;000;000;000;
20;10;23;15;10;30;0083951750;SE1-PM3;000;149;000;031;002;020;001;000;000;196;213;000;000;082;246;000;000;241;243;000;000;000;000;000;
20;10;23;15;10;20;0083951750;SE1-PM3;000;149;000;031;002;020;001;000;000;196;213;000;000;082;246;000;000;241;243;000;000;000;000;000;
20;10;23;15;10;10;0083951750;SE1-PM3;000;147;000;030;002;025;001;000;000;196;213;000;000;082;246;000;000;241;243;000;000;000;000;000;
20;10;23;15;10;00;0083951750;SE1-PM3;000;149;000;031;002;020;001;000;000;193;213;000;000;073;246;000;000;236;243;000;000;000;000;000;
20;10;23;15;09;50;0083951750;SE1-PM3;000;146;000;031;002;020;001;000;000;193;213;000;000;073;246;000;000;236;243;000;000;000;000;000;
20;10;23;15;09;40;0083951750;SE1-PM3;000;149;000;120;002;020;001;000;000;193;213;000;000;073;246;000;000;236;243;000;000;000;000;000;
20;10;23;15;09;30;0083951750;SE1-PM3;000;149;000;114;002;023;001;000;000;193;213;000;000;073;246;000;000;236;243;000;000;000;000;000;
20;10;23;15;09;20;0083951750;SE1-PM3;000;149;000;117;002;020;001;000;000;193;213;000;000;073;246;000;000;236;243;000;000;000;000;000;
20;10;23;15;09;10;0083951750;SE1-PM3;000;150;000;119;002;022;001;000;000;193;213;000;000;073;246;000;000;236;243;000;000;000;000;000;
20;10;23;15;09;00;0083951750;SE1-PM3;000;149;000;202;001;020;001;000;000;190;213;000;000;064;246;000;000;231;243;000;000;000;000;000;
20;10;23;15;08;50;0083951750;SE1-PM3;000;204;000;034;002;020;001;000;000;190;213;000;000;064;246;000;000;231;243;000;000;000;000;000;
20;10;23;15;08;40;0083951750;SE1-PM3;000;201;000;037;002;020;001;000;000;190;213;000;000;064;246;000;000;231;243;000;000;000;000;000;
20;10;23;15;08;30;0083951750;SE1-PM3;000;204;000;037;002;020;001;000;000;190;213;000;000;064;246;000;000;231;243;000;000;000;000;000;
20;10;23;15;08;20;0083951750;SE1-PM3;000;174;000;037;002;020;001;000;000;190;213;000;000;064;246;000;000;231;243;000;000;000;000;000;
20;10;23;15;08;10;0083951750;SE1-PM3;000;170;000;039;002;050;001;000;000;190;213;000;000;064;246;000;000;231;243;000;000;000;000;000;
20;10;23;15;08;00;0083951750;SE1-PM3;000;171;000;037;002;047;001;000;000;187;213;000;000;054;246;000;000;226;243;000;000;000;000;000;
20;10;23;15;07;50;0083951750;SE1-PM3;000;174;000;037;002;047;001;000;000;187;213;000;000;054;246;000;000;226;243;000;000;000;000;000;
20;10;23;15;07;40;0083951750;SE1-PM3;000;171;000;034;002;047;001;000;000;187;213;000;000;054;246;000;000;226;243;000;000;000;000;000;
20;10;23;15;07;30;0083951750;SE1-PM3;000;168;000;037;002;047;001;000;000;187;213;000;000;054;246;000;000;226;243;000;000;000;000;000;
20;10;23;15;07;20;0083951750;SE1-PM3;000;171;000;037;002;045;001;000;000;187;213;000;000;054;246;000;000;226;243;000;000;000;000;000;
20;10;23;15;07;10;0083951750;SE1-PM3;000;167;000;039;002;047;001;000;000;187;213;000;000;054;246;000;000;226;243;000;000;000;000;000;
20;10;23;15;07;00;0083951750;SE1-PM3;000;165;000;042;002;028;001;000;000;185;213;000;000;045;246;000;000;222;243;000;000;000;000;000;
20;10;23;15;06;50;0083951750;SE1-PM3;000;168;000;040;002;020;001;000;000;185;213;000;000;045;246;000;000;222;243;000;000;000;000;000;
20;10;23;15;06;40;0083951750;SE1-PM3;000;163;000;037;002;017;001;000;000;185;213;000;000;045;246;000;000;222;243;000;000;000;000;000;
20;10;23;15;06;30;0083951750;SE1-PM3;000;163;000;037;002;017;001;000;000;185;213;000;000;045;246;000;000;222;243;000;000;000;000;000;
20;10;23;15;06;20;0083951750;SE1-PM3;000;193;000;040;002;023;001;000;000;185;213;000;000;045;246;000;000;222;243;000;000;000;000;000;
20;10;23;15;06;10;0083951750;SE1-PM3;000;203;000;036;002;022;001;000;000;185;213;000;000;045;246;000;000;222;243;000;000;000;000;000;
20;10;23;15;06;00;0083951750;SE1-PM3;000;118;000;037;002;020;001;000;000;182;213;000;000;036;246;000;000;217;243;000;000;000;000;000;
20;10;23;15;05;50;0083951750;SE1-PM3;000;116;000;042;002;020;001;000;000;182;213;000;000;036;246;000;000;217;243;000;000;000;000;000;
20;10;23;15;05;40;0083951750;SE1-PM3;000;118;000;037;002;045;001;000;000;182;213;000;000;036;246;000;000;217;243;000;000;000;000;000;
20;10;23;15;05;30;0083951750;SE1-PM3;000;118;000;037;002;047;001;000;000;182;213;000;000;036;246;000;000;217;243;000;000;000;000;000;
20;10;23;15;05;20;0083951750;SE1-PM3;000;118;000;040;002;042;001;000;000;182;213;000;000;036;246;000;000;217;243;000;000;000;000;000;
20;10;23;15;05;10;0083951750;SE1-PM3;000;170;000;044;002;050;001;000;000;182;213;000;000;036;246;000;000;217;243;000;000;000;000;000;
20;10;23;15;05;00;0083951750;SE1-PM3;000;025;001;042;002;045;001;000;000;180;213;000;000;027;246;000;000;212;243;000;000;000;000;000;
20;10;23;15;04;50;0083951750;SE1-PM3;000;121;000;042;002;045;001;000;000;180;213;000;000;027;246;000;000;212;243;000;000;000;000;000;
20;10;23;15;04;40;0083951750;SE1-PM3;000;121;000;040;002;045;001;000;000;180;213;000;000;027;246;000;000;212;243;000;000;000;000;000;
20;10;23;15;04;30;0083951750;SE1-PM3;000;124;000;045;002;047;001;000;000;180;213;000;000;027;246;000;000;212;243;000;000;000;000;000;
20;10;23;15;04;20;0083951750;SE1-PM3;000;124;000;042;002;045;001;000;000;180;213;000;000;027;246;000;000;212;243;000;000;000;000;000;
20;10;23;15;04;10;0083951750;SE1-PM3;000;122;000;047;002;050;001;000;000;180;213;000;000;027;246;000;000;212;243;000;000;000;000;000;
20;10;23;15;04;00;0083951750;SE1-PM3;000;121;000;048;002;045;001;000;000;178;213;000;000;018;246;000;000;207;243;000;000;000;000;000;
20;10;23;15;03;50;0083951750;SE1-PM3;000;121;000;042;002;053;001;000;000;178;213;000;000;018;246;000;000;207;243;000;000;000;000;000;
20;10;23;15;03;40;0083951750;SE1-PM3;000;124;000;045;002;047;001;000;000;178;213;000;000;018;246;000;000;207;243;000;000;000;000;000;
20;10;23;15;03;30;0083951750;SE1-PM3;000;121;000;045;002;045;001;000;000;178;213;000;000;018;246;000;000;207;243;000;000;000;000;000;
20;10;23;15;03;20;0083951750;SE1-PM3;000;118;000;048;002;047;001;000;000;178;213;000;000;018;246;000;000;207;243;000;000;000;000;000;
20;10;23;15;03;10;0083951750;SE1-PM3;000;119;000;047;002;047;001;000;000;178;213;000;000;018;246;000;000;207;243;000;000;000;000;000;
20;10;23;15;03;00;0083951750;SE1-PM3;000;116;000;042;002;045;001;000;000;176;213;000;000;008;246;000;000;202;243;000;000;000;000;000;
20;10;23;15;02;50;0083951750;SE1-PM3;000;118;000;042;002;045;001;000;000;176;213;000;000;008;246;000;000;202;243;000;000;000;000;000;
20;10;23;15;02;40;0083951750;SE1-PM3;000;118;000;045;002;042;001;000;000;176;213;000;000;008;246;000;000;202;243;000;000;000;000;000;
20;10;23;15;02;30;0083951750;SE1-PM3;000;118;000;042;002;045;001;000;000;176;213;000;000;008;246;000;000;202;243;000;000;000;000;000;
20;10;23;15;02;20;0083951750;SE1-PM3;000;118;000;054;002;047;001;000;000;176;213;000;000;008;246;000;000;202;243;000;000;000;000;000;
20;10;23;15;02;10;0083951750;SE1-PM3;000;117;000;058;002;047;001;000;000;176;213;000;000;008;246;000;000;202;243;000;000;000;000;000;
20;10;23;15;02;00;0083951750;SE1-PM3;000;116;000;054;002;045;001;000;000;174;213;000;000;255;245;000;000;197;243;000;000;000;000;000;
20;10;23;15;01;40;0083951750;SE1-PM3;000;118;000;059;002;047;001;000;000;174;213;000;000;255;245;000;000;197;243;000;000;000;000;000;
20;10;23;15;01;30;0083951750;SE1-PM3;000;116;000;059;002;045;001;000;000;174;213;000;000;255;245;000;000;197;243;000;000;000;000;000;
20;10;23;15;01;20;0083951750;SE1-PM3;000;118;000;059;002;045;001;000;000;174;213;000;000;255;245;000;000;197;243;000;000;000;000;000;
20;10;23;15;01;10;0083951750;SE1-PM3;000;117;000;066;002;047;001;000;000;174;213;000;000;255;245;000;000;197;243;000;000;000;000;000;
20;10;23;15;01;00;0083951750;SE1-PM3;000;116;000;065;002;045;001;000;000;172;213;000;000;245;245;000;000;192;243;000;000;000;000;000;
20;10;23;15;00;50;0083951750;SE1-PM3;000;118;000;070;002;045;001;000;000;172;213;000;000;245;245;000;000;192;243;000;000;000;000;000;
20;10;23;15;00;40;0083951750;SE1-PM3;000;116;000;070;002;045;001;000;000;172;213;000;000;245;245;000;000;192;243;000;000;000;000;000;
20;10;23;15;00;30;0083951750;SE1-PM3;000;118;000;073;002;045;001;000;000;172;213;000;000;245;245;000;000;192;243;000;000;000;000;000;
20;10;23;15;00;20;0083951750;SE1-PM3;000;121;000;073;002;047;001;000;000;172;213;000;000;245;245;000;000;192;243;000;000;000;000;000;
20;10;23;15;00;10;0083951750;SE1-PM3;000;117;000;072;002;050;001;000;000;172;213;000;000;245;245;000;000;192;243;000;000;000;000;000;
20;10;23;15;00;07;0083951750;SE1-PM3;000;116;000;073;002;045;001;000;000;170;213;000;000;237;245;000;000;187;243;000;000;000;000;000;
20;10;23;14;59;50;0083951750;SE1-PM3;000;163;000;205;001;047;001;000;000;170;213;000;000;237;245;000;000;187;243;000;000;000;000;000;
20;10;23;14;59;40;0083951750;SE1-PM3;000;118;000;202;001;045;001;000;000;170;213;000;000;237;245;000;000;187;243;000;000;000;000;000;
20;10;23;14;59;30;0083951750;SE1-PM3;000;118;000;199;001;047;001;000;000;170;213;000;000;237;245;000;000;187;243;000;000;000;000;000;
20;10;23;14;59;20;0083951750;SE1-PM3;000;121;000;196;001;047;001;000;000;170;213;000;000;237;245;000;000;187;243;000;000;000;000;000;
20;10;23;14;59;10;0083951750;SE1-PM3;000;245;000;197;001;047;001;000;000;170;213;000;000;237;245;000;000;187;243;000;000;000;000;000;
20;10;23;14;59;00;0083951750;SE1-PM3;000;207;000;194;001;045;001;000;000;167;213;000;000;230;245;000;000;182;243;000;000;000;000;000;
20;10;23;14;58;50;0083951750;SE1-PM3;000;113;000;194;001;045;001;000;000;167;213;000;000;230;245;000;000;182;243;000;000;000;000;000;
20;10;23;14;58;40;0083951750;SE1-PM3;000;113;000;185;001;045;001;000;000;167;213;000;000;230;245;000;000;182;243;000;000;000;000;000;
20;10;23;14;58;30;0083951750;SE1-PM3;000;113;000;177;001;047;001;000;000;167;213;000;000;230;245;000;000;182;243;000;000;000;000;000;
20;10;23;14;58;20;0083951750;SE1-PM3;000;116;000;172;001;047;001;000;000;167;213;000;000;230;245;000;000;182;243;000;000;000;000;000;
20;10;23;14;58;10;0083951750;SE1-PM3;000;111;000;175;001;050;001;000;000;167;213;000;000;230;245;000;000;182;243;000;000;000;000;000;
20;10;23;14;58;00;0083951750;SE1-PM3;000;113;000;097;001;047;001;000;000;165;213;000;000;225;245;000;000;177;243;000;000;000;000;000;
20;10;23;14;57;50;0083951750;SE1-PM3;000;116;000;232;000;045;001;000;000;165;213;000;000;225;245;000;000;177;243;000;000;000;000;000;
20;10;23;14;57;40;0083951750;SE1-PM3;000;113;000;229;000;045;001;000;000;165;213;000;000;225;245;000;000;177;243;000;000;000;000;000;
20;10;23;14;57;30;0083951750;SE1-PM3;000;116;000;229;000;045;001;000;000;165;213;000;000;225;245;000;000;177;243;000;000;000;000;000;
20;10;23;14;57;20;0083951750;SE1-PM3;000;116;000;234;000;047;001;000;000;165;213;000;000;225;245;000;000;177;243;000;000;000;000;000;
20;10;23;14;57;10;0083951750;SE1-PM3;000;114;000;236;000;156;001;000;000;165;213;000;000;225;245;000;000;177;243;000;000;000;000;000;
20;10;23;14;57;00;0083951750;SE1-PM3;000;116;000;196;000;152;001;000;000;163;213;000;000;222;245;000;000;170;243;000;000;000;000;000;
20;10;23;14;56;50;0083951750;SE1-PM3;000;116;000;198;000;155;001;000;000;163;213;000;000;222;245;000;000;170;243;000;000;000;000;000;
20;10;23;14;56;40;0083951750;SE1-PM3;000;113;000;198;000;155;001;000;000;163;213;000;000;222;245;000;000;170;243;000;000;000;000;000;
20;10;23;14;56;30;0083951750;SE1-PM3;000;116;000;196;000;158;001;000;000;163;213;000;000;222;245;000;000;170;243;000;000;000;000;000;
20;10;23;14;56;20;0083951750;SE1-PM3;000;113;000;196;000;158;001;000;000;163;213;000;000;222;245;000;000;170;243;000;000;000;000;000;
20;10;23;14;56;10;0083951750;SE1-PM3;000;114;000;197;000;156;001;000;000;163;213;000;000;222;245;000;000;170;243;000;000;000;000;000;
20;10;23;14;56;00;0083951750;SE1-PM3;000;113;000;198;000;155;001;000;000;161;213;000;000;218;245;000;000;163;243;000;000;000;000;000;
20;10;23;14;55;50;0083951750;SE1-PM3;000;116;000;196;000;155;001;000;000;161;213;000;000;218;245;000;000;163;243;000;000;000;000;000;
20;10;23;14;55;40;0083951750;SE1-PM3;000;113;000;198;000;155;001;000;000;161;213;000;000;218;245;000;000;163;243;000;000;000;000;000;
20;10;23;14;55;30;0083951750;SE1-PM3;000;118;000;198;000;152;001;000;000;161;213;000;000;218;245;000;000;163;243;000;000;000;000;000;
20;10;23;14;55;20;0083951750;SE1-PM3;000;113;000;210;000;152;001;000;000;161;213;000;000;218;245;000;000;163;243;000;000;000;000;000;
20;10;23;14;55;10;0083951750;SE1-PM3;000;136;000;214;000;161;001;000;000;161;213;000;000;218;245;000;000;163;243;000;000;000;000;000;
20;10;23;14;55;00;0083951750;SE1-PM3;000;135;000;210;000;152;001;000;000;159;213;000;000;215;245;000;000;156;243;000;000;000;000;000;
20;10;23;14;54;50;0083951750;SE1-PM3;000;135;000;215;000;152;001;000;000;159;213;000;000;215;245;000;000;156;243;000;000;000;000;000;
20;10;23;14;54;40;0083951750;SE1-PM3;000;135;000;210;000;155;001;000;000;159;213;000;000;215;245;000;000;156;243;000;000;000;000;000;
20;10;23;14;54;30;0083951750;SE1-PM3;000;135;000;210;000;161;001;000;000;159;213;000;000;215;245;000;000;156;243;000;000;000;000;000;
20;10;23;14;54;20;0083951750;SE1-PM3;000;135;000;226;000;155;001;000;000;159;213;000;000;215;245;000;000;156;243;000;000;000;000;000;
20;10;23;14;54;10;0083951750;SE1-PM3;000;133;000;231;000;161;001;000;000;159;213;000;000;215;245;000;000;156;243;000;000;000;000;000;
20;10;23;14;54;00;0083951750;SE1-PM3;000;135;000;226;000;152;001;000;000;157;213;000;000;211;245;000;000;149;243;000;000;000;000;000;
20;10;23;14;53;50;0083951750;SE1-PM3;000;135;000;229;000;155;001;000;000;157;213;000;000;211;245;000;000;149;243;000;000;000;000;000;
20;10;23;14;53;40;0083951750;SE1-PM3;000;135;000;229;000;152;001;000;000;157;213;000;000;211;245;000;000;149;243;000;000;000;000;000;
20;10;23;14;53;30;0083951750;SE1-PM3;000;132;000;226;000;152;001;000;000;157;213;000;000;211;245;000;000;149;243;000;000;000;000;000;
20;10;23;14;53;20;0083951750;SE1-PM3;000;138;000;226;000;155;001;000;000;157;213;000;000;211;245;000;000;149;243;000;000;000;000;000;
20;10;23;14;53;10;0083951750;SE1-PM3;000;136;000;228;000;156;001;000;000;157;213;000;000;211;245;000;000;149;243;000;000;000;000;000;
20;10;23;14;53;00;0083951750;SE1-PM3;000;135;000;226;000;158;001;000;000;154;213;000;000;207;245;000;000;142;243;000;000;000;000;000;
20;10;23;14;52;50;0083951750;SE1-PM3;000;141;000;226;000;155;001;000;000;154;213;000;000;207;245;000;000;142;243;000;000;000;000;000;
20;10;23;14;52;40;0083951750;SE1-PM3;000;138;000;226;000;155;001;000;000;154;213;000;000;207;245;000;000;142;243;000;000;000;000;000;
20;10;23;14;52;30;0083951750;SE1-PM3;000;135;000;226;000;155;001;000;000;154;213;000;000;207;245;000;000;142;243;000;000;000;000;000;
20;10;23;14;52;20;0083951750;SE1-PM3;000;135;000;226;000;152;001;000;000;154;213;000;000;207;245;000;000;142;243;000;000;000;000;000;
20;10;23;14;52;10;0083951750;SE1-PM3;000;133;000;228;000;156;001;000;000;154;213;000;000;207;245;000;000;142;243;000;000;000;000;000;
20;10;23;14;52;00;0083951750;SE1-PM3;000;135;000;232;000;158;001;000;000;152;213;000;000;203;245;000;000;135;243;000;000;000;000;000;
20;10;23;14;51;50;0083951750;SE1-PM3;000;135;000;067;001;155;001;000;000;152;213;000;000;203;245;000;000;135;243;000;000;000;000;000;
20;10;23;14;51;40;0083951750;SE1-PM3;000;135;000;232;000;155;001;000;000;152;213;000;000;203;245;000;000;135;243;000;000;000;000;000;
20;10;23;14;51;30;0083951750;SE1-PM3;000;135;000;229;000;155;001;000;000;152;213;000;000;203;245;000;000;135;243;000;000;000;000;000;
20;10;23;14;51;20;0083951750;SE1-PM3;000;135;000;226;000;152;001;000;000;152;213;000;000;203;245;000;000;135;243;000;000;000;000;000;
20;10;23;14;51;10;0083951750;SE1-PM3;000;133;000;228;000;164;001;000;000;152;213;000;000;203;245;000;000;135;243;000;000;000;000;000;
20;10;23;14;51;00;0083951750;SE1-PM3;000;135;000;229;000;152;001;000;000;150;213;000;000;199;245;000;000;129;243;000;000;000;000;000;
20;10;23;14;50;50;0083951750;SE1-PM3;000;135;000;229;000;155;001;000;000;150;213;000;000;199;245;000;000;129;243;000;000;000;000;000;
20;10;23;14;50;40;0083951750;SE1-PM3;000;135;000;232;000;152;001;000;000;150;213;000;000;199;245;000;000;129;243;000;000;000;000;000;
20;10;23;14;50;30;0083951750;SE1-PM3;000;135;000;229;000;158;001;000;000;150;213;000;000;199;245;000;000;129;243;000;000;000;000;000;
20;10;23;14;50;20;0083951750;SE1-PM3;000;135;000;234;000;158;001;000;000;150;213;000;000;199;245;000;000;129;243;000;000;000;000;000;
20;10;23;14;50;10;0083951750;SE1-PM3;000;133;000;231;000;156;001;000;000;150;213;000;000;199;245;000;000;129;243;000;000;000;000;000;
20;10;23;14;50;00;0083951750;SE1-PM3;000;135;000;234;000;155;001;000;000;148;213;000;000;195;245;000;000;122;243;000;000;000;000;000;
20;10;23;14;49;50;0083951750;SE1-PM3;000;135;000;232;000;161;001;000;000;148;213;000;000;195;245;000;000;122;243;000;000;000;000;000;
20;10;23;14;49;40;0083951750;SE1-PM3;000;135;000;229;000;158;001;000;000;148;213;000;000;195;245;000;000;122;243;000;000;000;000;000;
20;10;23;14;49;30;0083951750;SE1-PM3;000;135;000;229;000;155;001;000;000;148;213;000;000;195;245;000;000;122;243;000;000;000;000;000;
20;10;23;14;49;20;0083951750;SE1-PM3;000;141;000;229;000;158;001;000;000;148;213;000;000;195;245;000;000;122;243;000;000;000;000;000;
20;10;23;14;49;10;0083951750;SE1-PM3;000;136;000;231;000;158;001;000;000;148;213;000;000;195;245;000;000;122;243;000;000;000;000;000;
20;10;23;14;49;00;0083951750;SE1-PM3;000;138;000;240;000;127;001;000;000;145;213;000;000;191;245;000;000;115;243;000;000;000;000;000;
20;10;23;14;48;50;0083951750;SE1-PM3;000;138;000;240;000;127;001;000;000;145;213;000;000;191;245;000;000;115;243;000;000;000;000;000;
20;10;23;14;48;40;0083951750;SE1-PM3;000;138;000;240;000;127;001;000;000;145;213;000;000;191;245;000;000;115;243;000;000;000;000;000;
20;10;23;14;48;30;0083951750;SE1-PM3;000;135;000;237;000;127;001;000;000;145;213;000;000;191;245;000;000;115;243;000;000;000;000;000;
20;10;23;14;48;20;0083951750;SE1-PM3;000;135;000;237;000;130;001;000;000;145;213;000;000;191;245;000;000;115;243;000;000;000;000;000;
20;10;23;14;48;10;0083951750;SE1-PM3;000;136;000;242;000;131;001;000;000;145;213;000;000;191;245;000;000;115;243;000;000;000;000;000;
20;10;23;14;48;00;0083951750;SE1-PM3;000;138;000;237;000;127;001;000;000;143;213;000;000;187;245;000;000;109;243;000;000;000;000;000;
20;10;23;14;47;50;0083951750;SE1-PM3;000;138;000;237;000;127;001;000;000;143;213;000;000;187;245;000;000;109;243;000;000;000;000;000;
20;10;23;14;47;40;0083951750;SE1-PM3;000;138;000;240;000;127;001;000;000;143;213;000;000;187;245;000;000;109;243;000;000;000;000;000;
20;10;23;14;47;30;0083951750;SE1-PM3;000;138;000;237;000;130;001;000;000;143;213;000;000;187;245;000;000;109;243;000;000;000;000;000;
20;10;23;14;47;20;0083951750;SE1-PM3;000;138;000;237;000;127;001;000;000;143;213;000;000;187;245;000;000;109;243;000;000;000;000;000;
20;10;23;14;47;10;0083951750;SE1-PM3;000;136;000;245;000;128;001;000;000;143;213;000;000;187;245;000;000;109;243;000;000;000;000;000;
20;10;23;14;47;00;0083951750;SE1-PM3;000;138;000;237;000;130;001;000;000;141;213;000;000;183;245;000;000;102;243;000;000;000;000;000;
20;10;23;14;46;50;0083951750;SE1-PM3;000;138;000;240;000;127;001;000;000;141;213;000;000;183;245;000;000;102;243;000;000;000;000;000;
20;10;23;14;46;40;0083951750;SE1-PM3;000;138;000;237;000;125;001;000;000;141;213;000;000;183;245;000;000;102;243;000;000;000;000;000;
20;10;23;14;46;30;0083951750;SE1-PM3;000;138;000;237;000;127;001;000;000;141;213;000;000;183;245;000;000;102;243;000;000;000;000;000;
20;10;23;14;46;20;0083951750;SE1-PM3;000;138;000;240;000;130;001;000;000;141;213;000;000;183;245;000;000;102;243;000;000;000;000;000;
20;10;23;14;46;10;0083951750;SE1-PM3;000;139;000;242;000;131;001;000;000;141;213;000;000;183;245;000;000;102;243;000;000;000;000;000;
20;10;23;14;46;00;0083951750;SE1-PM3;000;138;000;240;000;127;001;000;000;139;213;000;000;180;245;000;000;096;243;000;000;000;000;000;
20;10;23;14;45;50;0083951750;SE1-PM3;000;138;000;243;000;130;001;000;000;139;213;000;000;180;245;000;000;096;243;000;000;000;000;000;
20;10;23;14;45;40;0083951750;SE1-PM3;000;138;000;243;000;125;001;000;000;139;213;000;000;180;245;000;000;096;243;000;000;000;000;000;
20;10;23;14;45;30;0083951750;SE1-PM3;000;141;000;229;000;125;001;000;000;139;213;000;000;180;245;000;000;096;243;000;000;000;000;000;
20;10;23;14;45;20;0083951750;SE1-PM3;000;138;000;226;000;125;001;000;000;139;213;000;000;180;245;000;000;096;243;000;000;000;000;000;
20;10;23;14;45;10;0083951750;SE1-PM3;000;139;000;228;000;128;001;000;000;139;213;000;000;180;245;000;000;096;243;000;000;000;000;000;
20;10;23;14;45;00;0083951750;SE1-PM3;000;141;000;226;000;125;001;000;000;136;213;000;000;176;245;000;000;090;243;000;000;000;000;000;
20;10;23;14;44;50;0083951750;SE1-PM3;000;240;000;226;000;127;001;000;000;136;213;000;000;176;245;000;000;090;243;000;000;000;000;000;
20;10;23;14;44;40;0083951750;SE1-PM3;000;141;000;226;000;130;001;000;000;136;213;000;000;176;245;000;000;090;243;000;000;000;000;000;
20;10;23;14;44;30;0083951750;SE1-PM3;000;141;000;226;000;141;001;000;000;136;213;000;000;176;245;000;000;090;243;000;000;000;000;000;
20;10;23;14;44;20;0083951750;SE1-PM3;000;141;000;226;000;147;001;000;000;136;213;000;000;176;245;000;000;090;243;000;000;000;000;000;
20;10;23;14;44;10;0083951750;SE1-PM3;000;142;000;228;000;150;001;000;000;136;213;000;000;176;245;000;000;090;243;000;000;000;000;000;
20;10;23;14;44;00;0083951750;SE1-PM3;000;154;000;226;000;152;001;000;000;133;213;000;000;172;245;000;000;083;243;000;000;000;000;000;
20;10;23;14;43;50;0083951750;SE1-PM3;000;154;000;229;000;163;001;000;000;133;213;000;000;172;245;000;000;083;243;000;000;000;000;000;
20;10;23;14;43;40;0083951750;SE1-PM3;000;157;000;226;000;161;001;000;000;133;213;000;000;172;245;000;000;083;243;000;000;000;000;000;
20;10;23;14;43;30;0083951750;SE1-PM3;000;157;000;226;000;166;001;000;000;133;213;000;000;172;245;000;000;083;243;000;000;000;000;000;
20;10;23;14;43;20;0083951750;SE1-PM3;000;157;000;229;000;172;001;000;000;133;213;000;000;172;245;000;000;083;243;000;000;000;000;000;
20;10;23;14;43;10;0083951750;SE1-PM3;000;156;000;228;000;172;001;000;000;133;213;000;000;172;245;000;000;083;243;000;000;000;000;000;
20;10;23;14;43;00;0083951750;SE1-PM3;000;240;000;229;000;172;001;000;000;131;213;000;000;168;245;000;000;076;243;000;000;000;000;000;
20;10;23;14;42;50;0083951750;SE1-PM3;000;160;000;232;000;155;001;000;000;131;213;000;000;168;245;000;000;076;243;000;000;000;000;000;
20;10;23;14;42;40;0083951750;SE1-PM3;000;165;000;229;000;138;001;000;000;131;213;000;000;168;245;000;000;076;243;000;000;000;000;000;
20;10;23;14;42;30;0083951750;SE1-PM3;000;163;000;226;000;144;001;000;000;131;213;000;000;168;245;000;000;076;243;000;000;000;000;000;
20;10;23;14;42;20;0083951750;SE1-PM3;000;127;000;232;000;125;001;000;000;131;213;000;000;168;245;000;000;076;243;000;000;000;000;000;
20;10;23;14;42;10;0083951750;SE1-PM3;000;128;000;234;000;128;001;000;000;131;213;000;000;168;245;000;000;076;243;000;000;000;000;000;
20;10;23;14;42;00;0083951750;SE1-PM3;000;129;000;229;000;122;001;000;000;128;213;000;000;164;245;000;000;070;243;000;000;000;000;000;
20;10;23;14;41;50;0083951750;SE1-PM3;000;229;000;092;001;125;001;000;000;128;213;000;000;164;245;000;000;070;243;000;000;000;000;000;
20;10;23;14;41;40;0083951750;SE1-PM3;000;132;000;050;001;127;001;000;000;128;213;000;000;164;245;000;000;070;243;000;000;000;000;000;
20;10;23;14;41;30;0083951750;SE1-PM3;000;135;000;058;001;130;001;000;000;128;213;000;000;164;245;000;000;070;243;000;000;000;000;000;
20;10;23;14;41;20;0083951750;SE1-PM3;000;127;000;064;001;122;001;000;000;128;213;000;000;164;245;000;000;070;243;000;000;000;000;000;
20;10;23;14;41;10;0083951750;SE1-PM3;000;131;000;058;001;136;001;000;000;128;213;000;000;164;245;000;000;070;243;000;000;000;000;000;
20;10;23;14;41;00;0083951750;SE1-PM3;000;129;000;050;001;125;001;000;000;123;213;000;000;158;245;000;000;063;243;000;000;000;000;000;
20;10;23;14;40;50;0083951750;SE1-PM3;000;127;000;050;001;127;001;000;000;123;213;000;000;158;245;000;000;063;243;000;000;000;000;000;
20;10;23;14;40;40;0083951750;SE1-PM3;000;039;001;050;001;125;001;000;000;123;213;000;000;158;245;000;000;063;243;000;000;000;000;000;
20;10;23;14;40;30;0083951750;SE1-PM3;000;042;002;056;001;127;001;000;000;123;213;000;000;158;245;000;000;063;243;000;000;000;000;000;
20;10;23;14;40;20;0083951750;SE1-PM3;000;045;002;053;001;122;001;000;000;123;213;000;000;158;245;000;000;063;243;000;000;000;000;000;
20;10;23;14;40;10;0083951750;SE1-PM3;000;127;000;069;001;125;001;000;000;121;213;000;000;153;245;000;000;057;243;000;000;000;000;000;
20;10;23;14;40;00;0083951750;SE1-PM3;000;129;000;069;001;125;001;000;000;121;213;000;000;153;245;000;000;057;243;000;000;000;000;000;
20;10;23;14;39;50;0083951750;SE1-PM3;000;129;000;069;001;122;001;000;000;121;213;000;000;153;245;000;000;057;243;000;000;000;000;000;
20;10;23;14;39;40;0083951750;SE1-PM3;000;127;000;069;001;125;001;000;000;121;213;000;000;153;245;000;000;057;243;000;000;000;000;000;
20;10;23;14;39;30;0083951750;SE1-PM3;000;127;000;072;001;125;001;000;000;121;213;000;000;153;245;000;000;057;243;000;000;000;000;000;
20;10;23;14;39;20;0083951750;SE1-PM3;000;129;000;069;001;127;001;000;000;121;213;000;000;153;245;000;000;057;243;000;000;000;000;000;
20;10;23;14;39;10;0083951750;SE1-PM3;000;128;000;072;001;125;001;000;000;121;213;000;000;153;245;000;000;057;243;000;000;000;000;000;
20;10;23;14;39;00;0083951750;SE1-PM3;000;129;000;069;001;130;001;000;000;119;213;000;000;148;245;000;000;051;243;000;000;000;000;000;
20;10;23;14;38;50;0083951750;SE1-PM3;000;127;000;075;001;127;001;000;000;119;213;000;000;148;245;000;000;051;243;000;000;000;000;000;
20;10;23;14;38;40;0083951750;SE1-PM3;000;129;000;072;001;130;001;000;000;119;213;000;000;148;245;000;000;051;243;000;000;000;000;000;
20;10;23;14;38;30;0083951750;SE1-PM3;000;157;000;072;001;127;001;000;000;119;213;000;000;148;245;000;000;051;243;000;000;000;000;000;
20;10;23;14;38;20;0083951750;SE1-PM3;000;157;000;072;001;122;001;000;000;119;213;000;000;148;245;000;000;051;243;000;000;000;000;000;
20;10;23;14;38;10;0083951750;SE1-PM3;000;154;000;072;001;125;001;000;000;119;213;000;000;148;245;000;000;051;243;000;000;000;000;000;
20;10;23;14;38;00;0083951750;SE1-PM3;000;154;000;061;001;127;001;000;000;117;213;000;000;143;245;000;000;045;243;000;000;000;000;000;
20;10;23;14;37;50;0083951750;SE1-PM3;000;154;000;064;001;125;001;000;000;117;213;000;000;143;245;000;000;045;243;000;000;000;000;000;
20;10;23;14;37;40;0083951750;SE1-PM3;000;157;000;064;001;127;001;000;000;117;213;000;000;143;245;000;000;045;243;000;000;000;000;000;
20;10;23;14;37;30;0083951750;SE1-PM3;000;157;000;061;001;125;001;000;000;117;213;000;000;143;245;000;000;045;243;000;000;000;000;000;
20;10;23;14;37;20;0083951750;SE1-PM3;000;157;000;061;001;125;001;000;000;117;213;000;000;143;245;000;000;045;243;000;000;000;000;000;
20;10;23;14;37;10;0083951750;SE1-PM3;000;154;000;064;001;125;001;000;000;117;213;000;000;143;245;000;000;045;243;000;000;000;000;000;
20;10;23;14;37;00;0083951750;SE1-PM3;000;157;000;061;001;125;001;000;000;114;213;000;000;137;245;000;000;039;243;000;000;000;000;000;
20;10;23;14;36;50;0083951750;SE1-PM3;000;168;000;061;001;125;001;000;000;114;213;000;000;137;245;000;000;039;243;000;000;000;000;000;
20;10;23;14;36;40;0083951750;SE1-PM3;000;168;000;064;001;125;001;000;000;114;213;000;000;137;245;000;000;039;243;000;000;000;000;000;
20;10;23;14;36;30;0083951750;SE1-PM3;000;168;000;067;001;127;001;000;000;114;213;000;000;137;245;000;000;039;243;000;000;000;000;000;
20;10;23;14;36;20;0083951750;SE1-PM3;000;168;000;067;001;127;001;000;000;114;213;000;000;137;245;000;000;039;243;000;000;000;000;000;
20;10;23;14;36;10;0083951750;SE1-PM3;000;168;000;067;001;125;001;000;000;114;213;000;000;137;245;000;000;039;243;000;000;000;000;000;
20;10;23;14;36;00;0083951750;SE1-PM3;000;171;000;064;001;125;001;000;000;111;213;000;000;132;245;000;000;032;243;000;000;000;000;000;
20;10;23;14;35;50;0083951750;SE1-PM3;000;168;000;067;001;130;001;000;000;111;213;000;000;132;245;000;000;032;243;000;000;000;000;000;
20;10;23;14;35;40;0083951750;SE1-PM3;000;168;000;067;001;125;001;000;000;111;213;000;000;132;245;000;000;032;243;000;000;000;000;000;
20;10;23;14;35;30;0083951750;SE1-PM3;000;168;000;067;001;125;001;000;000;111;213;000;000;132;245;000;000;032;243;000;000;000;000;000;
20;10;23;14;35;20;0083951750;SE1-PM3;000;168;000;067;001;127;001;000;000;111;213;000;000;132;245;000;000;032;243;000;000;000;000;000;
20;10;23;14;35;10;0083951750;SE1-PM3;000;168;000;067;001;125;001;000;000;111;213;000;000;132;245;000;000;032;243;000;000;000;000;000;
20;10;23;14;35;00;0083951750;SE1-PM3;000;171;000;067;001;127;001;000;000;108;213;000;000;127;245;000;000;026;243;000;000;000;000;000;
20;10;23;14;34;50;0083951750;SE1-PM3;000;174;000;069;001;125;001;000;000;108;213;000;000;127;245;000;000;026;243;000;000;000;000;000;
20;10;23;14;34;40;0083951750;SE1-PM3;000;174;000;064;001;125;001;000;000;108;213;000;000;127;245;000;000;026;243;000;000;000;000;000;
20;10;23;14;34;30;0083951750;SE1-PM3;000;174;000;067;001;125;001;000;000;108;213;000;000;127;245;000;000;026;243;000;000;000;000;000;
20;10;23;14;34;20;0083951750;SE1-PM3;000;174;000;064;001;125;001;000;000;108;213;000;000;127;245;000;000;026;243;000;000;000;000;000;
20;10;23;14;34;10;0083951750;SE1-PM3;000;174;000;053;001;125;001;000;000;108;213;000;000;127;245;000;000;026;243;000;000;000;000;000;
20;10;23;14;34;00;0083951750;SE1-PM3;000;174;000;047;001;125;001;000;000;102;213;000;000;122;245;000;000;019;243;000;000;000;000;000;
20;10;23;14;33;50;0083951750;SE1-PM3;000;171;000;047;001;127;001;000;000;102;213;000;000;122;245;000;000;019;243;000;000;000;000;000;
20;10;23;14;33;40;0083951750;SE1-PM3;000;174;000;045;001;125;001;000;000;102;213;000;000;122;245;000;000;019;243;000;000;000;000;000;
20;10;23;14;33;30;0083951750;SE1-PM3;000;084;002;053;001;125;001;000;000;102;213;000;000;122;245;000;000;019;243;000;000;000;000;000;
20;10;23;14;33;20;0083951750;SE1-PM3;000;084;002;034;001;127;001;000;000;102;213;000;000;122;245;000;000;019;243;000;000;000;000;000;
20;10;23;14;33;10;0083951750;SE1-PM3;000;081;002;034;001;125;001;000;000;102;213;000;000;122;245;000;000;019;243;000;000;000;000;000;
20;10;23;14;33;00;0083951750;SE1-PM3;000;084;002;034;001;127;001;000;000;098;213;000;000;117;245;000;000;013;243;000;000;000;000;000;
20;10;23;14;32;50;0083951750;SE1-PM3;000;171;000;036;001;127;001;000;000;098;213;000;000;117;245;000;000;013;243;000;000;000;000;000;
20;10;23;14;32;40;0083951750;SE1-PM3;000;168;000;036;001;127;001;000;000;098;213;000;000;117;245;000;000;013;243;000;000;000;000;000;
20;10;23;14;32;30;0083951750;SE1-PM3;000;171;000;036;001;125;001;000;000;098;213;000;000;117;245;000;000;013;243;000;000;000;000;000;
20;10;23;14;32;20;0083951750;SE1-PM3;000;168;000;039;001;125;001;000;000;098;213;000;000;117;245;000;000;013;243;000;000;000;000;000;
20;10;23;14;32;00;0083951750;SE1-PM3;000;168;000;042;001;127;001;000;000;095;213;000;000;112;245;000;000;007;243;000;000;000;000;000;
20;10;23;14;31;50;0083951750;SE1-PM3;000;171;000;047;001;125;001;000;000;095;213;000;000;112;245;000;000;007;243;000;000;000;000;000;
20;10;23;14;31;40;0083951750;SE1-PM3;000;171;000;045;001;125;001;000;000;095;213;000;000;112;245;000;000;007;243;000;000;000;000;000;
20;10;23;14;31;30;0083951750;SE1-PM3;000;168;000;050;001;125;001;000;000;095;213;000;000;112;245;000;000;007;243;000;000;000;000;000;
20;10;23;14;31;20;0083951750;SE1-PM3;000;171;000;042;001;127;001;000;000;095;213;000;000;112;245;000;000;007;243;000;000;000;000;000;
20;10;23;14;31;10;0083951750;SE1-PM3;000;168;000;198;000;130;001;000;000;095;213;000;000;112;245;000;000;007;243;000;000;000;000;000;
20;10;23;14;31;00;0083951750;SE1-PM3;000;168;000;201;000;125;001;000;000;092;213;000;000;109;245;000;000;000;243;000;000;000;000;000;
20;10;23;14;30;50;0083951750;SE1-PM3;000;168;000;198;000;127;001;000;000;092;213;000;000;109;245;000;000;000;243;000;000;000;000;000;
20;10;23;14;30;40;0083951750;SE1-PM3;000;171;000;198;000;130;001;000;000;092;213;000;000;109;245;000;000;000;243;000;000;000;000;000;
20;10;23;14;30;30;0083951750;SE1-PM3;000;168;000;196;000;127;001;000;000;092;213;000;000;109;245;000;000;000;243;000;000;000;000;000;
20;10;23;14;30;20;0083951750;SE1-PM3;000;168;000;198;000;127;001;000;000;092;213;000;000;109;245;000;000;000;243;000;000;000;000;000;
20;10;23;14;30;10;0083951750;SE1-PM3;000;171;000;201;000;127;001;000;000;092;213;000;000;109;245;000;000;000;243;000;000;000;000;000;
20;10;23;14;29;50;0083951750;SE1-PM3;000;187;000;212;000;127;001;000;000;089;213;000;000;103;245;000;000;250;242;000;000;000;000;000;
20;10;23;14;29;40;0083951750;SE1-PM3;000;187;000;191;001;130;001;000;000;089;213;000;000;103;245;000;000;250;242;000;000;000;000;000;
20;10;23;14;29;30;0083951750;SE1-PM3;000;185;000;185;001;127;001;000;000;089;213;000;000;103;245;000;000;250;242;000;000;000;000;000;
20;10;23;14;29;20;0083951750;SE1-PM3;000;187;000;215;000;127;001;000;000;089;213;000;000;103;245;000;000;250;242;000;000;000;000;000;
20;10;23;14;29;10;0083951750;SE1-PM3;000;185;000;215;000;127;001;000;000;089;213;000;000;103;245;000;000;250;242;000;000;000;000;000;
20;10;23;14;29;00;0083951750;SE1-PM3;000;185;000;215;000;130;001;000;000;086;213;000;000;100;245;000;000;243;242;000;000;000;000;000;
20;10;23;14;28;50;0083951750;SE1-PM3;000;185;000;218;000;130;001;000;000;086;213;000;000;100;245;000;000;243;242;000;000;000;000;000;
20;10;23;14;28;40;0083951750;SE1-PM3;000;187;000;212;000;152;001;000;000;086;213;000;000;100;245;000;000;243;242;000;000;000;000;000;
20;10;23;14;28;30;0083951750;SE1-PM3;000;187;000;215;000;130;001;000;000;086;213;000;000;100;245;000;000;243;242;000;000;000;000;000;
20;10;23;14;28;20;0083951750;SE1-PM3;000;187;000;215;000;127;001;000;000;086;213;000;000;100;245;000;000;243;242;000;000;000;000;000;
20;10;23;14;28;10;0083951750;SE1-PM3;000;185;000;221;000;130;001;000;000;086;213;000;000;100;245;000;000;243;242;000;000;000;000;000;
20;10;23;14;28;00;0083951750;SE1-PM3;000;187;000;215;000;130;001;000;000;083;213;000;000;096;245;000;000;237;242;000;000;000;000;000;
20;10;23;14;27;50;0083951750;SE1-PM3;000;185;000;212;000;136;001;000;000;083;213;000;000;096;245;000;000;237;242;000;000;000;000;000;
20;10;23;14;27;40;0083951750;SE1-PM3;000;187;000;212;000;133;001;000;000;083;213;000;000;096;245;000;000;237;242;000;000;000;000;000;
20;10;23;14;27;30;0083951750;SE1-PM3;000;187;000;218;000;130;001;000;000;083;213;000;000;096;245;000;000;237;242;000;000;000;000;000;
20;10;23;14;27;20;0083951750;SE1-PM3;000;187;000;212;000;130;001;000;000;083;213;000;000;096;245;000;000;237;242;000;000;000;000;000;
20;10;23;14;27;10;0083951750;SE1-PM3;000;187;000;215;000;130;001;000;000;083;213;000;000;096;245;000;000;237;242;000;000;000;000;000;
20;10;23;14;27;00;0083951750;SE1-PM3;000;185;000;215;000;130;001;000;000;080;213;000;000;092;245;000;000;231;242;000;000;000;000;000;
20;10;23;14;26;50;0083951750;SE1-PM3;000;187;000;212;000;130;001;000;000;080;213;000;000;092;245;000;000;231;242;000;000;000;000;000;
20;10;23;14;26;40;0083951750;SE1-PM3;000;187;000;212;000;130;001;000;000;080;213;000;000;092;245;000;000;231;242;000;000;000;000;000;
20;10;23;14;26;30;0083951750;SE1-PM3;000;187;000;064;001;133;001;000;000;080;213;000;000;092;245;000;000;231;242;000;000;000;000;000;
20;10;23;14;26;20;0083951750;SE1-PM3;000;187;000;212;000;130;001;000;000;080;213;000;000;092;245;000;000;231;242;000;000;000;000;000;
20;10;23;14;26;10;0083951750;SE1-PM3;000;187;000;218;000;127;001;000;000;080;213;000;000;092;245;000;000;231;242;000;000;000;000;000;
20;10;23;14;26;00;0083951750;SE1-PM3;000;187;000;215;000;130;001;000;000;076;213;000;000;088;245;000;000;224;242;000;000;000;000;000;
20;10;23;14;25;50;0083951750;SE1-PM3;000;187;000;218;000;127;001;000;000;076;213;000;000;088;245;000;000;224;242;000;000;000;000;000;
20;10;23;14;25;40;0083951750;SE1-PM3;000;187;000;025;001;127;001;000;000;076;213;000;000;088;245;000;000;224;242;000;000;000;000;000;
20;10;23;14;25;30;0083951750;SE1-PM3;000;187;000;025;001;130;001;000;000;076;213;000;000;088;245;000;000;224;242;000;000;000;000;000;
20;10;23;14;25;20;0083951750;SE1-PM3;000;215;000;039;001;130;001;000;000;076;213;000;000;088;245;000;000;224;242;000;000;000;000;000;
20;10;23;14;25;10;0083951750;SE1-PM3;000;212;000;042;001;127;001;000;000;076;213;000;000;088;245;000;000;224;242;000;000;000;000;000;
20;10;23;14;25;00;0083951750;SE1-PM3;000;187;000;039;001;130;001;000;000;073;213;000;000;083;245;000;000;218;242;000;000;000;000;000;
20;10;23;14;24;50;0083951750;SE1-PM3;000;187;000;042;001;130;001;000;000;073;213;000;000;083;245;000;000;218;242;000;000;000;000;000;
20;10;23;14;24;40;0083951750;SE1-PM3;000;187;000;042;001;130;001;000;000;073;213;000;000;083;245;000;000;218;242;000;000;000;000;000;
20;10;23;14;24;30;0083951750;SE1-PM3;000;187;000;042;001;133;001;000;000;073;213;000;000;083;245;000;000;218;242;000;000;000;000;000;
20;10;23;14;24;20;0083951750;SE1-PM3;000;187;000;042;001;127;001;000;000;073;213;000;000;083;245;000;000;218;242;000;000;000;000;000;
20;10;23;14;24;10;0083951750;SE1-PM3;000;187;000;042;001;130;001;000;000;073;213;000;000;083;245;000;000;218;242;000;000;000;000;000;
20;10;23;14;24;00;0083951750;SE1-PM3;000;187;000;042;001;127;001;000;000;070;213;000;000;078;245;000;000;211;242;000;000;000;000;000;
20;10;23;14;23;50;0083951750;SE1-PM3;000;190;000;042;001;130;001;000;000;070;213;000;000;078;245;000;000;211;242;000;000;000;000;000;
20;10;23;14;23;40;0083951750;SE1-PM3;000;187;000;042;001;127;001;000;000;070;213;000;000;078;245;000;000;211;242;000;000;000;000;000;
20;10;23;14;23;30;0083951750;SE1-PM3;000;187;000;020;001;130;001;000;000;070;213;000;000;078;245;000;000;211;242;000;000;000;000;000;
20;10;23;14;23;20;0083951750;SE1-PM3;000;190;000;020;001;130;001;000;000;070;213;000;000;078;245;000;000;211;242;000;000;000;000;000;
20;10;23;14;23;10;0083951750;SE1-PM3;000;190;000;020;001;130;001;000;000;070;213;000;000;078;245;000;000;211;242;000;000;000;000;000;
20;10;23;14;23;00;0083951750;SE1-PM3;000;190;000;020;001;130;001;000;000;067;213;000;000;073;245;000;000;205;242;000;000;000;000;000;
20;10;23;14;22;50;0083951750;SE1-PM3;000;190;000;023;001;130;001;000;000;067;213;000;000;073;245;000;000;205;242;000;000;000;000;000;
20;10;23;14;22;40;0083951750;SE1-PM3;000;064;001;023;001;130;001;000;000;067;213;000;000;073;245;000;000;205;242;000;000;000;000;000;
20;10;23;14;22;30;0083951750;SE1-PM3;000;174;000;023;001;130;001;000;000;067;213;000;000;073;245;000;000;205;242;000;000;000;000;000;
20;10;23;14;22;20;0083951750;SE1-PM3;000;174;000;020;001;130;001;000;000;067;213;000;000;073;245;000;000;205;242;000;000;000;000;000;
20;10;23;14;22;10;0083951750;SE1-PM3;000;174;000;020;001;130;001;000;000;067;213;000;000;073;245;000;000;205;242;000;000;000;000;000;
20;10;23;14;22;00;0083951750;SE1-PM3;000;174;000;020;001;130;001;000;000;064;213;000;000;069;245;000;000;198;242;000;000;000;000;000;
20;10;23;14;21;50;0083951750;SE1-PM3;000;171;000;020;001;127;001;000;000;064;213;000;000;069;245;000;000;198;242;000;000;000;000;000;
20;10;23;14;21;40;0083951750;SE1-PM3;000;171;000;023;001;130;001;000;000;064;213;000;000;069;245;000;000;198;242;000;000;000;000;000;
20;10;23;14;21;30;0083951750;SE1-PM3;000;176;000;025;001;136;001;000;000;064;213;000;000;069;245;000;000;198;242;000;000;000;000;000;
20;10;23;14;21;20;0083951750;SE1-PM3;000;176;000;025;001;130;001;000;000;064;213;000;000;069;245;000;000;198;242;000;000;000;000;000;
20;10;23;14;21;10;0083951750;SE1-PM3;000;171;000;020;001;130;001;000;000;064;213;000;000;069;245;000;000;198;242;000;000;000;000;000;
20;10;23;14;21;00;0083951750;SE1-PM3;000;174;000;020;001;130;001;000;000;061;213;000;000;064;245;000;000;192;242;000;000;000;000;000;
20;10;23;14;20;50;0083951750;SE1-PM3;000;174;000;031;001;130;001;000;000;061;213;000;000;064;245;000;000;192;242;000;000;000;000;000;
20;10;23;14;20;40;0083951750;SE1-PM3;000;174;000;050;001;130;001;000;000;061;213;000;000;064;245;000;000;192;242;000;000;000;000;000;
20;10;23;14;20;30;0083951750;SE1-PM3;000;174;000;050;001;130;001;000;000;061;213;000;000;064;245;000;000;192;242;000;000;000;000;000;
20;10;23;14;20;20;0083951750;SE1-PM3;000;176;000;050;001;130;001;000;000;061;213;000;000;064;245;000;000;192;242;000;000;000;000;000;
20;10;23;14;20;10;0083951750;SE1-PM3;000;174;000;050;001;130;001;000;000;061;213;000;000;064;245;000;000;192;242;000;000;000;000;000;
20;10;23;14;20;00;0083951750;SE1-PM3;000;174;000;050;001;130;001;000;000;058;213;000;000;059;245;000;000;185;242;000;000;000;000;000;
20;10;23;14;19;50;0083951750;SE1-PM3;000;174;000;050;001;130;001;000;000;058;213;000;000;059;245;000;000;185;242;000;000;000;000;000;
20;10;23;14;19;40;0083951750;SE1-PM3;000;174;000;047;001;133;001;000;000;058;213;000;000;059;245;000;000;185;242;000;000;000;000;000;
20;10;23;14;19;30;0083951750;SE1-PM3;000;174;000;050;001;130;001;000;000;058;213;000;000;059;245;000;000;185;242;000;000;000;000;000;
20;10;23;14;19;20;0083951750;SE1-PM3;000;174;000;050;001;127;001;000;000;058;213;000;000;059;245;000;000;185;242;000;000;000;000;000;
20;10;23;14;19;10;0083951750;SE1-PM3;000;176;000;050;001;127;001;000;000;058;213;000;000;059;245;000;000;185;242;000;000;000;000;000;
20;10;23;14;19;00;0083951750;SE1-PM3;000;174;000;050;001;127;001;000;000;055;213;000;000;054;245;000;000;179;242;000;000;000;000;000;
20;10;23;14;18;50;0083951750;SE1-PM3;000;174;000;050;001;133;001;000;000;055;213;000;000;054;245;000;000;179;242;000;000;000;000;000;
20;10;23;14;18;40;0083951750;SE1-PM3;000;174;000;053;001;133;001;000;000;055;213;000;000;054;245;000;000;179;242;000;000;000;000;000;
20;10;23;14;18;30;0083951750;SE1-PM3;000;176;000;050;001;130;001;000;000;055;213;000;000;054;245;000;000;179;242;000;000;000;000;000;
20;10;23;14;18;20;0083951750;SE1-PM3;000;174;000;050;001;127;001;000;000;055;213;000;000;054;245;000;000;179;242;000;000;000;000;000;
20;10;23;14;18;10;0083951750;SE1-PM3;000;174;000;053;001;136;001;000;000;055;213;000;000;054;245;000;000;179;242;000;000;000;000;000;
20;10;23;14;18;00;0083951750;SE1-PM3;000;174;000;050;001;130;001;000;000;052;213;000;000;049;245;000;000;173;242;000;000;000;000;000;
20;10;23;14;17;50;0083951750;SE1-PM3;000;174;000;050;001;130;001;000;000;052;213;000;000;049;245;000;000;173;242;000;000;000;000;000;
20;10;23;14;17;40;0083951750;SE1-PM3;000;201;000;050;001;133;001;000;000;052;213;000;000;049;245;000;000;173;242;000;000;000;000;000;
20;10;23;14;17;30;0083951750;SE1-PM3;000;201;000;050;001;130;001;000;000;052;213;000;000;049;245;000;000;173;242;000;000;000;000;000;
20;10;23;14;17;20;0083951750;SE1-PM3;000;201;000;050;001;133;001;000;000;052;213;000;000;049;245;000;000;173;242;000;000;000;000;000;
20;10;23;14;17;10;0083951750;SE1-PM3;000;201;000;050;001;130;001;000;000;052;213;000;000;049;245;000;000;173;242;000;000;000;000;000;
20;10;23;14;17;00;0083951750;SE1-PM3;000;201;000;050;001;133;001;000;000;049;213;000;000;043;245;000;000;166;242;000;000;000;000;000;
20;10;23;14;16;50;0083951750;SE1-PM3;000;201;000;050;001;130;001;000;000;049;213;000;000;043;245;000;000;166;242;000;000;000;000;000;
20;10;23;14;16;40;0083951750;SE1-PM3;000;201;000;050;001;133;001;000;000;049;213;000;000;043;245;000;000;166;242;000;000;000;000;000;
20;10;23;14;16;30;0083951750;SE1-PM3;000;201;000;050;001;127;001;000;000;049;213;000;000;043;245;000;000;166;242;000;000;000;000;000;
20;10;23;14;16;20;0083951750;SE1-PM3;000;201;000;058;001;127;001;000;000;049;213;000;000;043;245;000;000;166;242;000;000;000;000;000;
20;10;23;14;16;10;0083951750;SE1-PM3;000;201;000;243;001;130;001;000;000;049;213;000;000;043;245;000;000;166;242;000;000;000;000;000;
20;10;23;14;16;00;0083951750;SE1-PM3;000;201;000;246;001;127;001;000;000;041;213;000;000;035;245;000;000;160;242;000;000;000;000;000;
20;10;23;14;15;50;0083951750;SE1-PM3;000;201;000;241;001;130;001;000;000;041;213;000;000;035;245;000;000;160;242;000;000;000;000;000;
20;10;23;14;15;40;0083951750;SE1-PM3;000;114;002;243;001;127;001;000;000;041;213;000;000;035;245;000;000;160;242;000;000;000;000;000;
20;10;23;14;15;30;0083951750;SE1-PM3;000;114;002;243;001;130;001;000;000;041;213;000;000;035;245;000;000;160;242;000;000;000;000;000;
20;10;23;14;15;20;0083951750;SE1-PM3;000;114;002;243;001;133;001;000;000;041;213;000;000;035;245;000;000;160;242;000;000;000;000;000;
20;10;23;14;15;10;0083951750;SE1-PM3;000;114;002;246;001;130;001;000;000;041;213;000;000;035;245;000;000;160;242;000;000;000;000;000;
20;10;23;14;15;00;0083951750;SE1-PM3;000;114;002;243;001;133;001;000;000;034;213;000;000;026;245;000;000;153;242;000;000;000;000;000;
20;10;23;14;14;50;0083951750;SE1-PM3;000;114;002;241;001;127;001;000;000;034;213;000;000;026;245;000;000;153;242;000;000;000;000;000;
20;10;23;14;14;40;0083951750;SE1-PM3;000;111;002;241;001;130;001;000;000;034;213;000;000;026;245;000;000;153;242;000;000;000;000;000;
20;10;23;14;14;30;0083951750;SE1-PM3;000;201;000;241;001;130;001;000;000;034;213;000;000;026;245;000;000;153;242;000;000;000;000;000;
20;10;23;14;14;20;0083951750;SE1-PM3;000;201;000;243;001;133;001;000;000;034;213;000;000;026;245;000;000;153;242;000;000;000;000;000;
20;10;23;14;14;10;0083951750;SE1-PM3;000;201;000;241;001;127;001;000;000;034;213;000;000;026;245;000;000;153;242;000;000;000;000;000;
20;10;23;14;14;00;0083951750;SE1-PM3;000;201;000;241;001;130;001;000;000;031;213;000;000;018;245;000;000;147;242;000;000;000;000;000;
20;10;23;14;13;50;0083951750;SE1-PM3;000;201;000;254;001;127;001;000;000;031;213;000;000;018;245;000;000;147;242;000;000;000;000;000;
20;10;23;14;13;40;0083951750;SE1-PM3;000;201;000;007;002;130;001;000;000;031;213;000;000;018;245;000;000;147;242;000;000;000;000;000;
20;10;23;14;13;30;0083951750;SE1-PM3;000;204;000;004;002;130;001;000;000;031;213;000;000;018;245;000;000;147;242;000;000;000;000;000;
20;10;23;14;13;20;0083951750;SE1-PM3;000;201;000;001;002;130;001;000;000;031;213;000;000;018;245;000;000;147;242;000;000;000;000;000;
20;10;23;14;13;10;0083951750;SE1-PM3;000;201;000;001;002;133;001;000;000;031;213;000;000;018;245;000;000;147;242;000;000;000;000;000;
20;10;23;14;13;00;0083951750;SE1-PM3;000;201;000;004;002;133;001;000;000;028;213;000;000;009;245;000;000;140;242;000;000;000;000;000;
20;10;23;14;12;50;0083951750;SE1-PM3;000;204;000;004;002;130;001;000;000;028;213;000;000;009;245;000;000;140;242;000;000;000;000;000;
20;10;23;14;12;40;0083951750;SE1-PM3;000;201;000;004;002;127;001;000;000;028;213;000;000;009;245;000;000;140;242;000;000;000;000;000;
20;10;23;14;12;30;0083951750;SE1-PM3;000;201;000;007;002;130;001;000;000;028;213;000;000;009;245;000;000;140;242;000;000;000;000;000;
20;10;23;14;12;20;0083951750;SE1-PM3;000;201;000;012;002;130;001;000;000;028;213;000;000;009;245;000;000;140;242;000;000;000;000;000;
20;10;23;14;12;10;0083951750;SE1-PM3;000;201;000;004;002;130;001;000;000;028;213;000;000;009;245;000;000;140;242;000;000;000;000;000;
20;10;23;14;12;00;0083951750;SE1-PM3;000;201;000;004;002;130;001;000;000;024;213;000;000;000;245;000;000;134;242;000;000;000;000;000;
20;10;23;14;11;50;0083951750;SE1-PM3;000;201;000;007;002;130;001;000;000;024;213;000;000;000;245;000;000;134;242;000;000;000;000;000;
20;10;23;14;11;40;0083951750;SE1-PM3;000;201;000;095;002;127;001;000;000;024;213;000;000;000;245;000;000;134;242;000;000;000;000;000;
20;10;23;14;11;30;0083951750;SE1-PM3;000;201;000;098;002;130;001;000;000;024;213;000;000;000;245;000;000;134;242;000;000;000;000;000;
20;10;23;14;11;20;0083951750;SE1-PM3;000;201;000;100;002;133;001;000;000;024;213;000;000;000;245;000;000;134;242;000;000;000;000;000;
20;10;23;14;11;10;0083951750;SE1-PM3;000;204;000;095;002;130;001;000;000;024;213;000;000;000;245;000;000;134;242;000;000;000;000;000;
20;10;23;14;11;00;0083951750;SE1-PM3;000;204;000;095;002;127;001;000;000;021;213;000;000;245;244;000;000;126;242;000;000;000;000;000;
20;10;23;14;10;50;0083951750;SE1-PM3;000;204;000;103;002;127;001;000;000;021;213;000;000;245;244;000;000;126;242;000;000;000;000;000;
20;10;23;14;10;40;0083951750;SE1-PM3;000;204;000;100;002;056;002;000;000;021;213;000;000;245;244;000;000;126;242;000;000;000;000;000;
20;10;23;14;10;30;0083951750;SE1-PM3;000;204;000;103;002;065;002;000;000;021;213;000;000;245;244;000;000;126;242;000;000;000;000;000;
20;10;23;14;10;20;0083951750;SE1-PM3;000;201;000;103;002;062;002;000;000;021;213;000;000;245;244;000;000;126;242;000;000;000;000;000;
20;10;23;14;10;10;0083951750;SE1-PM3;000;204;000;100;002;059;002;000;000;021;213;000;000;245;244;000;000;126;242;000;000;000;000;000;
20;10;23;14;10;00;0083951750;SE1-PM3;000;201;000;098;002;062;002;000;000;017;213;000;000;235;244;000;000;116;242;000;000;000;000;000;
20;10;23;14;09;50;0083951750;SE1-PM3;000;204;000;098;002;062;002;000;000;017;213;000;000;235;244;000;000;116;242;000;000;000;000;000;
20;10;23;14;09;40;0083951750;SE1-PM3;000;201;000;098;002;084;002;000;000;017;213;000;000;235;244;000;000;116;242;000;000;000;000;000;
20;10;23;14;09;30;0083951750;SE1-PM3;000;201;000;100;002;084;002;000;000;017;213;000;000;235;244;000;000;116;242;000;000;000;000;000;
20;10;23;14;09;20;0083951750;SE1-PM3;000;204;000;098;002;081;002;000;000;017;213;000;000;235;244;000;000;116;242;000;000;000;000;000;
20;10;23;14;09;10;0083951750;SE1-PM3;000;204;000;098;002;084;002;000;000;017;213;000;000;235;244;000;000;116;242;000;000;000;000;000;
20;10;23;14;09;00;0083951750;SE1-PM3;000;204;000;098;002;089;002;000;000;014;213;000;000;225;244;000;000;106;242;000;000;000;000;000;
20;10;23;14;08;50;0083951750;SE1-PM3;000;204;000;100;002;084;002;000;000;014;213;000;000;225;244;000;000;106;242;000;000;000;000;000;
20;10;23;14;08;40;0083951750;SE1-PM3;000;204;000;100;002;084;002;000;000;014;213;000;000;225;244;000;000;106;242;000;000;000;000;000;
20;10;23;14;08;30;0083951750;SE1-PM3;000;201;000;100;002;087;002;000;000;014;213;000;000;225;244;000;000;106;242;000;000;000;000;000;
20;10;23;14;08;20;0083951750;SE1-PM3;000;201;000;098;002;084;002;000;000;014;213;000;000;225;244;000;000;106;242;000;000;000;000;000;
20;10;23;14;08;10;0083951750;SE1-PM3;000;201;000;098;002;081;002;000;000;014;213;000;000;225;244;000;000;106;242;000;000;000;000;000;
20;10;23;14;08;00;0083951750;SE1-PM3;000;204;000;098;002;084;002;000;000;011;213;000;000;215;244;000;000;096;242;000;000;000;000;000;
20;10;23;14;07;50;0083951750;SE1-PM3;000;201;000;098;002;087;002;000;000;011;213;000;000;215;244;000;000;096;242;000;000;000;000;000;
20;10;23;14;07;40;0083951750;SE1-PM3;000;201;000;098;002;087;002;000;000;011;213;000;000;215;244;000;000;096;242;000;000;000;000;000;
20;10;23;14;07;30;0083951750;SE1-PM3;000;201;000;098;002;081;002;000;000;011;213;000;000;215;244;000;000;096;242;000;000;000;000;000;
20;10;23;14;07;20;0083951750;SE1-PM3;000;201;000;098;002;084;002;000;000;011;213;000;000;215;244;000;000;096;242;000;000;000;000;000;
20;10;23;14;07;10;0083951750;SE1-PM3;000;204;000;106;002;084;002;000;000;011;213;000;000;215;244;000;000;096;242;000;000;000;000;000;
20;10;23;14;07;00;0083951750;SE1-PM3;000;201;000;100;002;084;002;000;000;007;213;000;000;205;244;000;000;086;242;000;000;000;000;000;
20;10;23;14;06;50;0083951750;SE1-PM3;000;201;000;098;002;081;002;000;000;007;213;000;000;205;244;000;000;086;242;000;000;000;000;000;
20;10;23;14;06;40;0083951750;SE1-PM3;000;201;000;098;002;092;002;000;000;007;213;000;000;205;244;000;000;086;242;000;000;000;000;000;
20;10;23;14;06;30;0083951750;SE1-PM3;000;201;000;098;002;084;002;000;000;007;213;000;000;205;244;000;000;086;242;000;000;000;000;000;
20;10;23;14;06;20;0083951750;SE1-PM3;000;201;000;103;002;084;002;000;000;007;213;000;000;205;244;000;000;086;242;000;000;000;000;000;
20;10;23;14;06;10;0083951750;SE1-PM3;000;201;000;100;002;084;002;000;000;007;213;000;000;205;244;000;000;086;242;000;000;000;000;000;
20;10;23;14;06;00;0083951750;SE1-PM3;000;201;000;106;002;081;002;000;000;004;213;000;000;194;244;000;000;076;242;000;000;000;000;000;
20;10;23;14;05;50;0083951750;SE1-PM3;000;201;000;109;002;089;002;000;000;004;213;000;000;194;244;000;000;076;242;000;000;000;000;000;
20;10;23;14;05;40;0083951750;SE1-PM3;000;201;000;103;002;081;002;000;000;004;213;000;000;194;244;000;000;076;242;000;000;000;000;000;
20;10;23;14;05;30;0083951750;SE1-PM3;000;204;000;089;002;081;002;000;000;004;213;000;000;194;244;000;000;076;242;000;000;000;000;000;
20;10;23;14;05;20;0083951750;SE1-PM3;000;201;000;100;002;087;002;000;000;004;213;000;000;194;244;000;000;076;242;000;000;000;000;000;
20;10;23;14;05;10;0083951750;SE1-PM3;000;204;000;098;002;084;002;000;000;004;213;000;000;194;244;000;000;076;242;000;000;000;000;000;
20;10;23;14;05;00;0083951750;SE1-PM3;000;204;000;095;002;089;002;000;000;000;213;000;000;184;244;000;000;066;242;000;000;000;000;000;
20;10;23;14;04;50;0083951750;SE1-PM3;000;210;000;092;002;081;002;000;000;000;213;000;000;184;244;000;000;066;242;000;000;000;000;000;
20;10;23;14;04;40;0083951750;SE1-PM3;000;210;000;089;002;084;002;000;000;000;213;000;000;184;244;000;000;066;242;000;000;000;000;000;
20;10;23;14;04;30;0083951750;SE1-PM3;000;207;000;092;002;087;002;000;000;000;213;000;000;184;244;000;000;066;242;000;000;000;000;000;
20;10;23;14;04;20;0083951750;SE1-PM3;000;210;000;092;002;087;002;000;000;000;213;000;000;184;244;000;000;066;242;000;000;000;000;000;
20;10;23;14;04;10;0083951750;SE1-PM3;000;210;000;084;002;081;002;000;000;000;213;000;000;184;244;000;000;066;242;000;000;000;000;000;
20;10;23;14;04;00;0083951750;SE1-PM3;000;210;000;183;002;084;002;000;000;253;212;000;000;174;244;000;000;056;242;000;000;000;000;000;
20;10;23;14;03;50;0083951750;SE1-PM3;000;210;000;076;002;087;002;000;000;253;212;000;000;174;244;000;000;056;242;000;000;000;000;000;
20;10;23;14;03;40;0083951750;SE1-PM3;000;210;000;081;002;084;002;000;000;253;212;000;000;174;244;000;000;056;242;000;000;000;000;000;
20;10;23;14;03;35;0083951750;SE1-PM3;000;212;000;095;002;081;002;000;000;253;212;000;000;174;244;000;000;056;242;000;000;000;000;000;
